,pclass_type,survived,sex,age_std,sibsp_norm,parch_norm,fare,embarked_type,date_time,date_time_new1,date_time_new2,day,day_week,month,year
0,1st,Yes,female,-0.03900548789716396,0.0,0.0,211.3375,S,2023-07-10 13:59:16,10-July-2023 13:59:16,10/07/2023 01:59:16 PM,10,Monday,7,2023
1,1st,Yes,male,-2.2159521729284704,0.125,0.2222222222222222,151.55,S,2023-02-02 23:50:37,02-February-2023 23:50:37,02/02/2023 11:50:37 PM,2,Thursday,2,2023
2,1st,No,female,-2.1319774853420963,0.125,0.2222222222222222,151.55,S,2023-06-06 05:59:26,06-June-2023 05:59:26,06/06/2023 05:59:26 AM,6,Tuesday,6,2023
3,1st,No,male,0.03851199348968539,0.125,0.2222222222222222,151.55,S,2023-02-05 05:31:10,05-February-2023 05:31:10,05/02/2023 05:31:10 AM,5,Sunday,2,2023
4,1st,No,female,-0.34907541344456133,0.125,0.2222222222222222,151.55,S,2023-03-27 00:40:03,27-March-2023 00:40:03,27/03/2023 12:40:03 AM,27,Monday,3,2023
5,1st,Yes,male,1.4338266584529737,0.0,0.0,26.55,S,2023-11-25 09:55:33,25-November-2023 09:55:33,25/11/2023 09:55:33 AM,25,Saturday,11,2023
6,1st,Yes,female,2.5965888792557137,0.125,0.0,77.9583,S,2023-09-12 18:47:21,12-September-2023 18:47:21,12/09/2023 06:47:21 PM,12,Tuesday,9,2023
7,1st,No,male,0.7361693259713296,0.0,0.0,0.0,S,2023-12-29 11:38:50,29-December-2023 11:38:50,29/12/2023 11:38:50 AM,29,Friday,12,2023
8,1st,Yes,female,1.8214140653872204,0.25,0.0,51.4792,S,2023-03-31 00:06:51,31-March-2023 00:06:51,31/03/2023 12:06:51 AM,31,Friday,3,2023
9,1st,No,male,3.2167287303505083,0.0,0.0,49.5042,C,2023-05-30 06:15:36,30-May-2023 06:15:36,30/05/2023 06:15:36 AM,30,Tuesday,5,2023
10,1st,No,male,1.3563091770661244,0.125,0.0,227.525,C,2023-12-19 04:34:19,19-December-2023 04:34:19,19/12/2023 04:34:19 AM,19,Tuesday,12,2023
11,1st,Yes,female,-0.8916977831525068,0.125,0.0,227.525,C,2023-06-19 13:49:20,19-June-2023 13:49:20,19/06/2023 01:49:20 PM,19,Monday,6,2023
12,1st,Yes,female,-0.4265928948314107,0.0,0.0,69.3,C,2023-08-15 19:39:51,15-August-2023 19:39:51,15/08/2023 07:39:51 PM,15,Tuesday,8,2023
13,1st,Yes,female,-0.271557932057712,0.0,0.0,78.85,S,2023-04-29 06:40:22,29-April-2023 06:40:22,29/04/2023 06:40:22 AM,29,Saturday,4,2023
14,1st,Yes,male,3.9143860628321527,0.0,0.0,30.0,S,2023-06-05 02:41:11,05-June-2023 02:41:11,05/06/2023 02:41:11 AM,5,Monday,6,2023
15,1st,No,male,-0.1165229692840133,0.0,0.0,25.925,S,2023-07-11 01:01:28,11-July-2023 01:01:28,11/07/2023 01:01:28 AM,11,Tuesday,7,2023
16,1st,No,male,-0.4265928948314107,0.0,0.1111111111111111,247.5208,C,2023-12-06 14:54:27,06-December-2023 14:54:27,06/12/2023 02:54:27 PM,6,Wednesday,12,2023
17,1st,Yes,female,1.5888616212266724,0.0,0.1111111111111111,247.5208,C,2023-02-25 23:56:13,25-February-2023 23:56:13,25/02/2023 11:56:13 PM,25,Saturday,2,2023
18,1st,Yes,female,0.19354695626338408,0.0,0.0,76.2917,C,2023-03-12 19:14:01,12-March-2023 19:14:01,12/03/2023 07:14:01 PM,12,Sunday,3,2023
19,1st,No,male,0.5036168818107815,0.0,0.0,75.2417,C,2023-06-28 12:37:58,28-June-2023 12:37:58,28/06/2023 12:37:58 PM,28,Wednesday,6,2023
20,1st,Yes,male,0.5811343631976308,0.125,0.1111111111111111,52.5542,S,2023-11-29 12:40:46,29-November-2023 12:40:46,29/11/2023 12:40:46 PM,29,Wednesday,11,2023
21,1st,Yes,female,1.3563091770661244,0.125,0.1111111111111111,52.5542,S,2023-07-10 05:45:14,10-July-2023 05:45:14,10/07/2023 05:45:14 AM,10,Monday,7,2023
22,1st,Yes,male,-0.271557932057712,0.0,0.0,30.0,C,2023-09-30 13:15:26,30-September-2023 13:15:26,30/09/2023 01:15:26 PM,30,Saturday,9,2023
23,1st,Yes,female,0.9687217701318775,0.0,0.0,227.525,C,2023-12-03 17:42:54,03-December-2023 17:42:54,03/12/2023 05:42:54 PM,3,Sunday,12,2023
24,1st,Yes,female,-0.03900548789716396,0.0,0.0,221.7792,S,2023-05-29 01:50:08,29-May-2023 01:50:08,29/05/2023 01:50:08 AM,29,Monday,5,2023
25,1st,No,male,-0.34907541344456133,0.0,0.0,26.0,C,2023-10-14 15:33:10,14-October-2023 15:33:10,14/10/2023 03:33:10 PM,14,Saturday,10,2023
26,1st,Yes,male,-0.34907541344456133,0.125,0.0,91.0792,C,2023-02-08 17:29:29,08-February-2023 17:29:29,08/02/2023 05:29:29 PM,8,Wednesday,2,2023
27,1st,Yes,female,-0.8141803017656575,0.125,0.0,91.0792,C,2023-11-16 05:01:27,16-November-2023 05:01:27,16/11/2023 05:01:27 AM,16,Thursday,11,2023
28,1st,Yes,female,0.42609940042393213,0.0,0.0,135.6333,S,2023-02-05 09:08:01,05-February-2023 09:08:01,05/02/2023 09:08:01 AM,5,Sunday,2,2023
29,1st,Yes,male,-0.1165229692840133,0.0,0.0,26.55,S,2023-10-01 20:31:00,01-October-2023 20:31:00,01/10/2023 08:31:00 PM,1,Sunday,10,2023
30,1st,No,male,1.2012742142924255,0.0,0.0,35.5,S,2023-10-15 07:50:05,15-October-2023 07:50:05,15/10/2023 07:50:05 AM,15,Sunday,10,2023
31,1st,Yes,male,0.8136868073581789,0.0,0.0,31.0,C,2023-02-14 09:43:08,14-February-2023 09:43:08,14/02/2023 09:43:08 AM,14,Tuesday,2,2023
32,1st,Yes,female,0.03851199348968539,0.0,0.0,164.8667,S,2023-05-10 14:12:32,10-May-2023 14:12:32,10/05/2023 02:12:32 PM,10,Wednesday,5,2023
33,1st,Yes,female,2.209001472321467,0.0,0.0,26.55,S,2023-12-30 20:56:24,30-December-2023 20:56:24,30/12/2023 08:56:24 PM,30,Saturday,12,2023
34,1st,No,male,0.9687217701318775,0.0,0.0,26.55,S,2023-04-18 16:23:10,18-April-2023 16:23:10,18/04/2023 04:23:10 PM,18,Tuesday,4,2023
35,1st,Yes,female,1.2012742142924255,0.0,0.0,262.375,C,2023-05-02 16:32:21,02-May-2023 16:32:21,02/05/2023 04:32:21 PM,2,Tuesday,5,2023
36,1st,Yes,female,-0.5816278576051094,0.0,0.1111111111111111,55.0,S,2023-06-17 21:39:27,17-June-2023 21:39:27,17/06/2023 09:39:27 PM,17,Saturday,6,2023
37,1st,Yes,male,-0.1165229692840133,0.0,0.0,26.55,S,2023-10-19 16:00:29,19-October-2023 16:00:29,19/10/2023 04:00:29 PM,19,Thursday,10,2023
38,1st,No,male,0.8912042887450282,0.0,0.0,30.5,S,2023-11-11 18:55:57,11-November-2023 18:55:57,11/11/2023 06:55:57 PM,11,Saturday,11,2023
39,1st,No,male,1.4338266584529737,0.0,0.0,50.4958,C,2023-06-30 09:59:49,30-June-2023 09:59:49,30/06/2023 09:59:49 AM,30,Friday,6,2023
40,1st,No,male,-0.1165229692840133,0.0,0.0,39.6,C,2023-09-04 02:04:05,04-September-2023 02:04:05,04/09/2023 02:04:05 AM,4,Monday,9,2023
41,1st,Yes,female,1.1237567329055762,0.0,0.0,27.7208,C,2023-04-20 11:49:02,20-April-2023 11:49:02,20/04/2023 11:49:02 AM,20,Thursday,4,2023
42,1st,Yes,female,2.2865189537083164,0.25,0.0,51.4792,S,2023-03-06 09:44:17,06-March-2023 09:44:17,06/03/2023 09:44:17 AM,6,Monday,3,2023
43,1st,Yes,female,2.3640364350951657,0.0,0.0,76.2917,C,2023-12-15 13:40:47,15-December-2023 13:40:47,15/12/2023 01:40:47 PM,15,Friday,12,2023
44,1st,Yes,female,0.8912042887450282,0.0,0.0,134.5,C,2023-11-27 02:49:19,27-November-2023 02:49:19,27/11/2023 02:49:19 AM,27,Monday,11,2023
45,1st,No,male,1.2012742142924255,0.0,0.0,26.55,S,2023-08-03 15:20:30,03-August-2023 15:20:30,03/08/2023 03:20:30 PM,3,Thursday,8,2023
46,1st,No,male,-0.1165229692840133,0.0,0.0,31.0,S,2023-04-28 11:19:49,28-April-2023 11:19:49,28/04/2023 11:19:49 AM,28,Friday,4,2023
47,1st,Yes,male,0.9687217701318775,0.0,0.0,26.2875,S,2023-07-26 09:08:14,26-July-2023 09:08:14,26/07/2023 09:08:14 AM,26,Wednesday,7,2023
48,1st,Yes,female,1.8214140653872204,0.0,0.0,27.4458,C,2023-04-11 17:21:35,11-April-2023 17:21:35,11/04/2023 05:21:35 PM,11,Tuesday,4,2023
49,1st,Yes,male,0.5036168818107815,0.0,0.1111111111111111,512.3292,C,2023-01-04 10:49:20,04-January-2023 10:49:20,04/01/2023 10:49:20 AM,4,Wednesday,1,2023
50,1st,Yes,female,2.209001472321467,0.0,0.1111111111111111,512.3292,C,2023-11-19 03:10:27,19-November-2023 03:10:27,19/11/2023 03:10:27 AM,19,Sunday,11,2023
51,1st,No,male,0.2710644376502334,0.0,0.0,5.0,S,2023-04-22 03:52:41,22-April-2023 03:52:41,22/04/2023 03:52:41 AM,22,Saturday,4,2023
52,1st,No,male,-0.1165229692840133,0.0,0.0,47.1,S,2023-10-23 14:12:16,23-October-2023 14:12:16,23/10/2023 02:12:16 PM,23,Monday,10,2023
53,1st,No,male,-0.9692152645393561,0.0,0.0,47.1,S,2023-07-02 07:23:59,02-July-2023 07:23:59,02/07/2023 07:23:59 AM,2,Sunday,7,2023
54,1st,Yes,male,-1.4343201528604523,0.125,0.2222222222222222,120.0,S,2023-07-04 00:54:51,04-July-2023 00:54:51,04/07/2023 12:54:51 AM,4,Tuesday,7,2023
55,1st,Yes,female,-1.2017677086999041,0.125,0.2222222222222222,120.0,S,2023-04-29 09:18:53,29-April-2023 09:18:53,29/04/2023 09:18:53 AM,29,Saturday,4,2023
56,1st,Yes,male,0.5036168818107815,0.125,0.2222222222222222,120.0,S,2023-04-11 10:32:35,11-April-2023 10:32:35,11/04/2023 10:32:35 AM,11,Tuesday,4,2023
57,1st,Yes,female,0.5036168818107815,0.125,0.2222222222222222,120.0,S,2023-02-18 04:13:28,18-February-2023 04:13:28,18/02/2023 04:13:28 AM,18,Saturday,2,2023
58,1st,No,male,1.511344139839823,0.0,0.0,26.0,S,2023-07-08 01:45:20,08-July-2023 01:45:20,08/07/2023 01:45:20 AM,8,Saturday,7,2023
59,1st,Yes,female,-0.1165229692840133,0.0,0.0,27.7208,C,2023-03-21 09:50:55,21-March-2023 09:50:55,21/03/2023 09:50:55 AM,21,Tuesday,3,2023
60,1st,No,male,0.5036168818107815,0.125,0.0,78.85,S,2023-10-10 08:33:43,10-October-2023 08:33:43,10/10/2023 08:33:43 AM,10,Tuesday,10,2023
61,1st,Yes,female,3.6043161372847554,0.125,0.0,78.85,S,2023-09-17 09:07:52,17-September-2023 09:07:52,17/09/2023 09:07:52 AM,17,Sunday,9,2023
62,1st,No,male,1.278791695679275,0.125,0.0,61.175,S,2023-07-16 17:17:32,16-July-2023 17:17:32,16/07/2023 05:17:32 PM,16,Sunday,7,2023
63,1st,Yes,female,1.3563091770661244,0.125,0.0,61.175,S,2023-10-12 22:34:37,12-October-2023 22:34:37,12/10/2023 10:34:37 PM,12,Thursday,10,2023
64,1st,Yes,male,-0.19404045067086265,0.125,0.0,53.1,S,2023-06-29 13:58:56,29-June-2023 13:58:56,29/06/2023 01:58:56 PM,29,Thursday,6,2023
65,1st,Yes,female,0.2710644376502334,0.125,0.0,53.1,S,2023-03-31 21:24:31,31-March-2023 21:24:31,31/03/2023 09:24:31 PM,31,Friday,3,2023
66,1st,Yes,female,0.5036168818107815,0.0,0.0,262.375,C,2023-04-28 23:06:53,28-April-2023 23:06:53,28/04/2023 11:06:53 PM,28,Friday,4,2023
67,1st,Yes,female,0.03851199348968539,0.0,0.0,86.5,S,2023-03-02 05:46:23,02-March-2023 05:46:23,02/03/2023 05:46:23 AM,2,Thursday,3,2023
68,1st,Yes,male,1.2012742142924255,0.0,0.0,29.7,C,2023-08-17 07:17:53,17-August-2023 07:17:53,17/08/2023 07:17:53 AM,17,Thursday,8,2023
69,1st,Yes,female,-0.1165229692840133,0.0,0.1111111111111111,55.0,S,2023-01-02 09:09:45,02-January-2023 09:09:45,02/01/2023 09:09:45 AM,2,Monday,1,2023
70,1st,No,male,-0.1165229692840133,0.0,0.0,0.0,S,2023-11-24 14:40:21,24-November-2023 14:40:21,24/11/2023 02:40:21 PM,24,Friday,11,2023
71,1st,No,male,-0.19404045067086265,0.125,0.0,136.7792,C,2023-03-05 07:31:38,05-March-2023 07:31:38,05/03/2023 07:31:38 AM,5,Sunday,3,2023
72,1st,Yes,female,-0.271557932057712,0.125,0.0,136.7792,C,2023-05-07 05:41:36,07-May-2023 05:41:36,07/05/2023 05:41:36 AM,7,Sunday,5,2023
73,1st,Yes,female,-0.5816278576051094,0.0,0.0,151.55,S,2023-05-30 02:20:27,30-May-2023 02:20:27,30/05/2023 02:20:27 AM,30,Tuesday,5,2023
74,1st,No,male,-0.1165229692840133,0.0,0.0,52.0,S,2023-07-05 19:41:52,05-July-2023 19:41:52,05/07/2023 07:41:52 PM,5,Wednesday,7,2023
75,1st,No,male,1.3563091770661244,0.0,0.0,25.5875,S,2023-05-07 21:55:36,07-May-2023 21:55:36,07/05/2023 09:55:36 PM,7,Sunday,5,2023
76,1st,Yes,female,0.7361693259713296,0.125,0.1111111111111111,83.1583,C,2023-11-25 16:16:24,25-November-2023 16:16:24,25/11/2023 04:16:24 PM,25,Saturday,11,2023
77,1st,No,male,0.5811343631976308,0.125,0.1111111111111111,83.1583,C,2023-04-26 04:53:55,26-April-2023 04:53:55,26/04/2023 04:53:55 AM,26,Wednesday,4,2023
78,1st,Yes,female,2.674106360642563,0.0,0.2222222222222222,83.1583,C,2023-04-04 07:20:31,04-April-2023 07:20:31,04/04/2023 07:20:31 AM,4,Tuesday,4,2023
79,1st,Yes,female,1.976449028160919,0.25,0.0,25.7,S,2023-06-03 11:57:42,03-June-2023 11:57:42,03/06/2023 11:57:42 AM,3,Saturday,6,2023
80,1st,No,male,-0.1165229692840133,0.0,0.0,26.55,S,2023-07-20 13:04:16,20-July-2023 13:04:16,20/07/2023 01:04:16 PM,20,Thursday,7,2023
81,1st,No,male,3.139211248963659,0.125,0.1111111111111111,71.0,S,2023-01-09 18:50:03,09-January-2023 18:50:03,09/01/2023 06:50:03 PM,9,Monday,1,2023
82,1st,Yes,female,0.5036168818107815,0.0,0.2222222222222222,71.0,S,2023-06-27 15:06:52,27-June-2023 15:06:52,27/06/2023 03:06:52 PM,27,Tuesday,6,2023
83,1st,Yes,female,2.674106360642563,0.125,0.1111111111111111,26.55,S,2023-11-01 12:16:50,01-November-2023 12:16:50,01/11/2023 12:16:50 PM,1,Wednesday,11,2023
84,1st,No,male,0.7361693259713296,0.125,0.0,71.2833,C,2023-12-27 12:07:36,27-December-2023 12:07:36,27/12/2023 12:07:36 PM,27,Wednesday,12,2023
85,1st,Yes,female,0.6586518445844802,0.125,0.0,71.2833,C,2023-08-19 19:54:55,19-August-2023 19:54:55,19/08/2023 07:54:55 PM,19,Saturday,8,2023
86,1st,Yes,male,1.6663791026135217,0.0,0.0,26.55,S,2023-01-15 23:18:14,15-January-2023 23:18:14,15/01/2023 11:18:14 PM,15,Sunday,1,2023
87,1st,Yes,male,-0.19404045067086265,0.0,0.0,30.5,S,2023-04-29 02:42:46,29-April-2023 02:42:46,29/04/2023 02:42:46 AM,29,Saturday,4,2023
88,1st,Yes,female,0.2710644376502334,0.0,0.0,151.55,S,2023-05-08 20:36:54,08-May-2023 20:36:54,08/05/2023 08:36:54 PM,8,Monday,5,2023
89,1st,No,male,0.11602947487653474,0.125,0.0,52.0,S,2023-07-04 14:05:01,04-July-2023 14:05:01,04/07/2023 02:05:01 PM,4,Tuesday,7,2023
90,1st,Yes,female,-0.19404045067086265,0.125,0.2222222222222222,52.0,S,2023-07-17 10:41:09,17-July-2023 10:41:09,17/07/2023 10:41:09 AM,17,Monday,7,2023
91,1st,Yes,male,0.11602947487653474,0.125,0.0,57.0,S,2023-03-18 13:05:05,18-March-2023 13:05:05,18/03/2023 01:05:05 PM,18,Saturday,3,2023
92,1st,Yes,female,-0.9692152645393561,0.125,0.0,57.0,S,2023-06-05 17:04:34,05-June-2023 17:04:34,05/06/2023 05:04:34 PM,5,Monday,6,2023
93,1st,Yes,male,1.8214140653872204,0.125,0.1111111111111111,81.8583,S,2023-02-21 13:31:18,21-February-2023 13:31:18,21/02/2023 01:31:18 PM,21,Tuesday,2,2023
94,1st,Yes,male,-1.9769425225683976,0.0,0.2222222222222222,81.8583,S,2023-12-23 19:40:06,23-December-2023 19:40:06,23/12/2023 07:40:06 PM,23,Saturday,12,2023
95,1st,Yes,female,1.8989315467740697,0.125,0.1111111111111111,81.8583,S,2023-07-01 03:44:18,01-July-2023 03:44:18,01/07/2023 03:44:18 AM,1,Saturday,7,2023
96,1st,No,male,1.5888616212266724,0.125,0.0,106.425,C,2023-08-26 05:33:33,26-August-2023 05:33:33,26/08/2023 05:33:33 AM,26,Saturday,8,2023
97,1st,Yes,female,-0.19404045067086265,0.125,0.1111111111111111,247.5208,C,2023-02-23 02:16:22,23-February-2023 02:16:22,23/02/2023 02:16:22 AM,23,Thursday,2,2023
98,1st,Yes,female,1.4338266584529737,0.125,0.0,106.425,C,2023-02-03 19:38:23,03-February-2023 19:38:23,03/02/2023 07:38:23 PM,3,Friday,2,2023
99,1st,Yes,female,1.4338266584529737,0.125,0.0,39.6,C,2023-06-03 08:02:47,03-June-2023 08:02:47,03/06/2023 08:02:47 AM,3,Saturday,6,2023
100,1st,Yes,male,1.511344139839823,0.125,0.0,56.9292,C,2023-01-31 00:36:53,31-January-2023 00:36:53,31/01/2023 12:36:53 AM,31,Tuesday,1,2023
101,1st,No,male,0.7361693259713296,0.0,0.0,29.7,C,2023-12-02 23:13:05,02-December-2023 23:13:05,02/12/2023 11:13:05 PM,2,Saturday,12,2023
102,1st,Yes,female,-0.50411037621826,0.0,0.1111111111111111,83.1583,C,2023-06-23 11:40:00,23-June-2023 11:40:00,23/06/2023 11:40:00 AM,23,Friday,6,2023
103,1st,Yes,female,0.6586518445844802,0.0,0.0,227.525,C,2023-10-16 01:46:55,16-October-2023 01:46:55,16/10/2023 01:46:55 AM,16,Monday,10,2023
104,1st,Yes,female,1.8989315467740697,0.125,0.0,78.2667,C,2023-04-05 20:15:29,05-April-2023 20:15:29,05/04/2023 08:15:29 PM,5,Wednesday,4,2023
105,1st,No,female,0.5036168818107815,0.0,0.0,31.6792,C,2023-11-29 01:58:33,29-November-2023 01:58:33,29/11/2023 01:58:33 AM,29,Wednesday,11,2023
106,1st,No,male,-0.1165229692840133,0.0,0.0,221.7792,S,2023-09-03 06:34:54,03-September-2023 06:34:54,03/09/2023 06:34:54 AM,3,Sunday,9,2023
107,1st,Yes,female,-0.1165229692840133,0.0,0.0,31.6833,S,2023-01-10 04:51:41,10-January-2023 04:51:41,10/01/2023 04:51:41 AM,10,Tuesday,1,2023
108,1st,Yes,female,-0.1165229692840133,0.0,0.0,110.8833,C,2023-12-15 05:10:37,15-December-2023 05:10:37,15/12/2023 05:10:37 AM,15,Friday,12,2023
109,1st,Yes,male,0.5036168818107815,0.0,0.0,26.3875,S,2023-09-01 22:35:24,01-September-2023 22:35:24,01/09/2023 10:35:24 PM,1,Friday,9,2023
110,1st,No,male,0.03851199348968539,0.0,0.0,27.75,C,2023-05-19 22:38:42,19-May-2023 22:38:42,19/05/2023 10:38:42 PM,19,Friday,5,2023
111,1st,Yes,female,-0.4265928948314107,0.375,0.2222222222222222,263.0,S,2023-05-11 15:47:57,11-May-2023 15:47:57,11/05/2023 03:47:57 PM,11,Thursday,5,2023
112,1st,Yes,female,-0.1165229692840133,0.375,0.2222222222222222,263.0,S,2023-10-17 04:42:27,17-October-2023 04:42:27,17/10/2023 04:42:27 AM,17,Tuesday,10,2023
113,1st,Yes,female,-0.50411037621826,0.375,0.2222222222222222,263.0,S,2023-01-07 04:51:38,07-January-2023 04:51:38,07/01/2023 04:51:38 AM,7,Saturday,1,2023
114,1st,No,male,-0.8141803017656575,0.375,0.2222222222222222,263.0,S,2023-09-23 15:24:02,23-September-2023 15:24:02,23/09/2023 03:24:02 PM,23,Saturday,9,2023
115,1st,No,male,2.674106360642563,0.125,0.4444444444444444,263.0,S,2023-05-12 23:02:15,12-May-2023 23:02:15,12/05/2023 11:02:15 PM,12,Friday,5,2023
116,1st,Yes,female,2.3640364350951657,0.125,0.4444444444444444,263.0,S,2023-05-17 06:26:48,17-May-2023 06:26:48,17/05/2023 06:26:48 AM,17,Wednesday,5,2023
117,1st,Yes,female,0.03851199348968539,0.0,0.0,56.9292,C,2023-03-30 02:10:13,30-March-2023 02:10:13,30/03/2023 02:10:13 AM,30,Thursday,3,2023
118,1st,No,male,-0.1165229692840133,0.0,0.0,26.55,S,2023-02-21 06:33:20,21-February-2023 06:33:20,21/02/2023 06:33:20 AM,21,Tuesday,2,2023
119,1st,Yes,male,1.5888616212266724,0.25,0.0,133.65,S,2023-12-03 09:20:33,03-December-2023 09:20:33,03/12/2023 09:20:33 AM,3,Sunday,12,2023
120,1st,Yes,male,1.0462392515187269,0.125,0.0,27.7208,C,2023-09-30 21:10:48,30-September-2023 21:10:48,30/09/2023 09:10:48 PM,30,Saturday,9,2023
121,1st,Yes,female,-0.1165229692840133,0.125,0.0,133.65,S,2023-09-28 15:56:37,28-September-2023 15:56:37,28/09/2023 03:56:37 PM,28,Thursday,9,2023
122,1st,Yes,female,-0.5816278576051094,0.0,0.2222222222222222,49.5,C,2023-10-26 23:43:44,26-October-2023 23:43:44,26/10/2023 11:43:44 PM,26,Thursday,10,2023
123,1st,Yes,male,2.3640364350951657,0.125,0.1111111111111111,79.2,C,2023-06-19 15:36:36,19-June-2023 15:36:36,19/06/2023 03:36:36 PM,19,Monday,6,2023
124,1st,Yes,female,1.4338266584529737,0.125,0.1111111111111111,79.2,C,2023-04-14 11:39:06,14-April-2023 11:39:06,14/04/2023 11:39:06 AM,14,Friday,4,2023
125,1st,No,male,-0.1165229692840133,0.0,0.0,0.0,S,2023-02-24 13:52:48,24-February-2023 13:52:48,24/02/2023 01:52:48 PM,24,Friday,2,2023
126,1st,No,male,0.5811343631976308,0.125,0.0,53.1,S,2023-09-04 18:59:01,04-September-2023 18:59:01,04/09/2023 06:59:01 PM,4,Monday,9,2023
127,1st,Yes,female,0.42609940042393213,0.125,0.0,53.1,S,2023-05-06 13:25:34,06-May-2023 13:25:34,06/05/2023 01:25:34 PM,6,Saturday,5,2023
128,1st,No,male,1.3563091770661244,0.0,0.0,38.5,S,2023-12-11 06:31:24,11-December-2023 06:31:24,11/12/2023 06:31:24 AM,11,Monday,12,2023
129,1st,Yes,female,0.42609940042393213,0.0,0.0,211.5,C,2023-06-03 21:12:16,03-June-2023 21:12:16,03/06/2023 09:12:16 PM,3,Saturday,6,2023
130,1st,Yes,female,-0.5816278576051094,0.0,0.1111111111111111,59.4,C,2023-01-19 00:40:25,19-January-2023 00:40:25,19/01/2023 12:40:25 AM,19,Thursday,1,2023
131,1st,Yes,female,1.2012742142924255,0.0,0.1111111111111111,59.4,C,2023-02-28 11:07:14,28-February-2023 11:07:14,28/02/2023 11:07:14 AM,28,Tuesday,2,2023
132,1st,No,male,-0.4265928948314107,0.0,0.0,79.2,C,2023-06-13 09:19:34,13-June-2023 09:19:34,13/06/2023 09:19:34 AM,13,Tuesday,6,2023
133,1st,Yes,male,1.511344139839823,0.125,0.0,89.1042,C,2023-02-11 04:06:10,11-February-2023 04:06:10,11/02/2023 04:06:10 AM,11,Saturday,2,2023
134,1st,Yes,female,-0.1165229692840133,0.125,0.0,89.1042,C,2023-10-11 22:05:16,11-October-2023 22:05:16,11/10/2023 10:05:16 PM,11,Wednesday,10,2023
135,1st,No,male,3.2167287303505083,0.0,0.0,34.6542,C,2023-04-29 11:40:07,29-April-2023 11:40:07,29/04/2023 11:40:07 AM,29,Saturday,4,2023
136,1st,Yes,male,1.8214140653872204,0.0,0.0,28.5,C,2023-02-11 10:01:37,11-February-2023 10:01:37,11/02/2023 10:01:37 AM,11,Saturday,2,2023
137,1st,Yes,female,-0.8141803017656575,0.0,0.0,30.0,S,2023-08-25 00:17:20,25-August-2023 00:17:20,25/08/2023 12:17:20 AM,25,Friday,8,2023
138,1st,No,male,0.6586518445844802,0.0,0.1111111111111111,153.4625,S,2023-04-06 20:28:16,06-April-2023 20:28:16,06/04/2023 08:28:16 PM,6,Thursday,4,2023
139,1st,Yes,female,2.209001472321467,0.0,0.1111111111111111,153.4625,S,2023-07-25 19:32:56,25-July-2023 19:32:56,25/07/2023 07:32:56 PM,25,Tuesday,7,2023
140,1st,Yes,male,-0.50411037621826,0.0,0.1111111111111111,63.3583,C,2023-09-06 21:39:15,06-September-2023 21:39:15,06/09/2023 09:39:15 PM,6,Wednesday,9,2023
141,1st,Yes,female,1.2012742142924255,0.0,0.1111111111111111,63.3583,C,2023-12-13 08:48:17,13-December-2023 08:48:17,13/12/2023 08:48:17 AM,13,Wednesday,12,2023
142,1st,No,male,1.278791695679275,0.0,0.0,79.2,C,2023-10-28 07:45:37,28-October-2023 07:45:37,28/10/2023 07:45:37 AM,28,Saturday,10,2023
143,1st,Yes,male,-0.34907541344456133,0.125,0.0,55.4417,C,2023-06-29 10:51:07,29-June-2023 10:51:07,29/06/2023 10:51:07 AM,29,Thursday,6,2023
144,1st,Yes,female,-0.34907541344456133,0.125,0.0,55.4417,C,2023-01-27 01:57:03,27-January-2023 01:57:03,27/01/2023 01:57:03 AM,27,Friday,1,2023
145,1st,Yes,male,1.4338266584529737,0.125,0.0,76.7292,C,2023-10-13 18:24:50,13-October-2023 18:24:50,13/10/2023 06:24:50 PM,13,Friday,10,2023
146,1st,Yes,female,1.511344139839823,0.125,0.0,76.7292,C,2023-04-30 15:17:46,30-April-2023 15:17:46,30/04/2023 03:17:46 PM,30,Sunday,4,2023
147,1st,No,male,-0.1165229692840133,0.0,0.0,42.4,S,2023-01-08 02:36:15,08-January-2023 02:36:15,08/01/2023 02:36:15 AM,8,Sunday,1,2023
148,1st,No,male,1.2012742142924255,0.125,0.0,83.475,S,2023-09-21 20:58:29,21-September-2023 20:58:29,21/09/2023 08:58:29 PM,21,Thursday,9,2023
149,1st,Yes,female,0.42609940042393213,0.125,0.0,83.475,S,2023-02-11 07:41:32,11-February-2023 07:41:32,11/02/2023 07:41:32 AM,11,Saturday,2,2023
150,1st,No,male,0.8136868073581789,0.0,0.0,0.0,S,2023-07-26 08:23:15,26-July-2023 08:23:15,26/07/2023 08:23:15 AM,26,Wednesday,7,2023
151,1st,Yes,male,-0.19404045067086265,0.0,0.0,76.7292,C,2023-02-13 23:09:39,13-February-2023 23:09:39,13/02/2023 11:09:39 PM,13,Monday,2,2023
152,1st,Yes,male,-0.1165229692840133,0.0,0.0,30.0,S,2023-06-19 16:02:15,19-June-2023 16:02:15,19/06/2023 04:02:15 PM,19,Monday,6,2023
153,1st,Yes,female,-0.4265928948314107,0.0,0.0,83.1583,C,2023-01-19 01:16:59,19-January-2023 01:16:59,19/01/2023 01:16:59 AM,19,Thursday,1,2023
154,1st,No,male,1.976449028160919,0.125,0.1111111111111111,93.5,S,2023-09-20 04:53:28,20-September-2023 04:53:28,20/09/2023 04:53:28 AM,20,Wednesday,9,2023
155,1st,Yes,female,1.743896584000371,0.125,0.1111111111111111,93.5,S,2023-02-24 17:37:32,24-February-2023 17:37:32,24/02/2023 05:37:32 PM,24,Friday,2,2023
156,1st,No,male,0.9687217701318775,0.0,0.0,42.5,S,2023-01-18 09:42:45,18-January-2023 09:42:45,18/01/2023 09:42:45 AM,18,Wednesday,1,2023
157,1st,No,male,-0.1165229692840133,0.0,0.0,51.8625,S,2023-07-23 21:39:56,23-July-2023 21:39:56,23/07/2023 09:39:56 PM,23,Sunday,7,2023
158,1st,No,male,1.976449028160919,0.0,0.0,50.0,S,2023-08-25 22:06:12,25-August-2023 22:06:12,25/08/2023 10:06:12 PM,25,Friday,8,2023
159,1st,Yes,female,-1.0467327459262055,0.0,0.1111111111111111,57.9792,C,2023-07-21 02:30:34,21-July-2023 02:30:34,21/07/2023 02:30:34 AM,21,Friday,7,2023
160,1st,Yes,female,1.1237567329055762,0.0,0.1111111111111111,57.9792,C,2023-11-14 16:57:14,14-November-2023 16:57:14,14/11/2023 04:57:14 PM,14,Tuesday,11,2023
161,1st,Yes,female,1.6663791026135217,0.125,0.0,77.9583,S,2023-03-29 14:17:35,29-March-2023 14:17:35,29/03/2023 02:17:35 PM,29,Wednesday,3,2023
162,1st,No,male,0.9687217701318775,0.125,0.0,52.0,S,2023-03-02 09:13:25,02-March-2023 09:13:25,02/03/2023 09:13:25 AM,2,Thursday,3,2023
163,1st,Yes,female,0.42609940042393213,0.125,0.0,52.0,S,2023-10-05 09:11:02,05-October-2023 09:11:02,05/10/2023 09:11:02 AM,5,Thursday,10,2023
164,1st,Yes,male,0.42609940042393213,0.0,0.0,26.55,C,2023-11-27 21:40:28,27-November-2023 21:40:28,27/11/2023 09:40:28 PM,27,Monday,11,2023
165,1st,Yes,male,0.6586518445844802,0.125,0.0,90.0,S,2023-08-19 09:15:40,19-August-2023 09:15:40,19/08/2023 09:15:40 AM,19,Saturday,8,2023
166,1st,No,male,-0.1165229692840133,0.0,0.0,30.6958,C,2023-02-05 22:49:53,05-February-2023 22:49:53,05/02/2023 10:49:53 PM,5,Sunday,2,2023
167,1st,Yes,female,0.42609940042393213,0.125,0.0,90.0,S,2023-02-22 02:52:02,22-February-2023 02:52:02,22/02/2023 02:52:02 AM,22,Wednesday,2,2023
168,1st,Yes,female,0.6586518445844802,0.0,0.0,80.0,S,2023-02-10 01:53:10,10-February-2023 01:53:10,10/02/2023 01:53:10 AM,10,Friday,2,2023
169,1st,No,female,1.5888616212266724,0.0,0.0,28.7125,C,2023-11-14 11:59:36,14-November-2023 11:59:36,14/11/2023 11:59:36 AM,14,Tuesday,11,2023
170,1st,Yes,male,1.511344139839823,0.0,0.0,0.0,S,2023-09-10 19:40:40,10-September-2023 19:40:40,10/09/2023 07:40:40 PM,10,Sunday,9,2023
171,1st,No,male,1.278791695679275,0.0,0.0,26.0,S,2023-12-25 20:57:08,25-December-2023 20:57:08,25/12/2023 08:57:08 PM,25,Monday,12,2023
172,1st,No,male,1.5888616212266724,0.0,0.0,26.0,S,2023-11-04 05:09:54,04-November-2023 05:09:54,04/11/2023 05:09:54 AM,4,Saturday,11,2023
173,1st,No,male,0.23230569695680878,0.0,0.0,211.5,C,2023-03-08 09:39:53,08-March-2023 09:39:53,08/03/2023 09:39:53 AM,8,Wednesday,3,2023
174,1st,No,male,2.209001472321467,0.0,0.0,29.7,C,2023-08-29 01:29:29,29-August-2023 01:29:29,29/08/2023 01:29:29 AM,29,Tuesday,8,2023
175,1st,No,male,0.8912042887450282,0.125,0.0,51.8625,S,2023-12-22 23:00:40,22-December-2023 23:00:40,22/12/2023 11:00:40 PM,22,Friday,12,2023
176,1st,Yes,female,-0.1165229692840133,0.125,0.0,51.8625,S,2023-04-06 06:58:42,06-April-2023 06:58:42,06/04/2023 06:58:42 AM,6,Thursday,4,2023
177,1st,Yes,male,0.9687217701318775,0.125,0.0,52.5542,S,2023-11-03 22:44:06,03-November-2023 22:44:06,03/11/2023 10:44:06 PM,3,Friday,11,2023
178,1st,Yes,female,1.2012742142924255,0.125,0.0,52.5542,S,2023-10-23 16:26:12,23-October-2023 16:26:12,23/10/2023 04:26:12 PM,23,Monday,10,2023
179,1st,No,male,-0.1165229692840133,0.0,0.0,26.55,S,2023-05-27 11:11:20,27-May-2023 11:11:20,27/05/2023 11:11:20 AM,27,Saturday,5,2023
180,1st,Yes,female,0.7361693259713296,0.0,0.0,211.3375,S,2023-08-28 21:55:45,28-August-2023 21:55:45,28/08/2023 09:55:45 PM,28,Monday,8,2023
181,1st,Yes,female,1.511344139839823,0.0,0.0,25.9292,S,2023-10-15 17:02:02,15-October-2023 17:02:02,15/10/2023 05:02:02 PM,15,Sunday,10,2023
182,1st,Yes,female,0.03851199348968539,0.0,0.0,106.425,C,2023-02-11 09:55:07,11-February-2023 09:55:07,11/02/2023 09:55:07 AM,11,Saturday,2,2023
183,1st,Yes,male,0.42609940042393213,0.0,0.0,512.3292,C,2023-09-16 22:42:16,16-September-2023 22:42:16,16/09/2023 10:42:16 PM,16,Saturday,9,2023
184,1st,No,male,-0.1165229692840133,0.0,0.0,27.7208,C,2023-07-22 01:54:18,22-July-2023 01:54:18,22/07/2023 01:54:18 AM,22,Saturday,7,2023
185,1st,No,male,0.9687217701318775,0.0,0.0,26.55,S,2023-05-25 05:23:44,25-May-2023 05:23:44,25/05/2023 05:23:44 AM,25,Thursday,5,2023
186,1st,Yes,female,1.976449028160919,0.0,0.0,27.7208,C,2023-02-09 02:33:32,09-February-2023 02:33:32,09/02/2023 02:33:32 AM,9,Thursday,2,2023
187,1st,Yes,female,-1.0467327459262055,0.0,0.1111111111111111,39.4,S,2023-12-07 07:49:21,07-December-2023 07:49:21,07/12/2023 07:49:21 AM,7,Thursday,12,2023
188,1st,Yes,female,1.6663791026135217,0.0,0.1111111111111111,39.4,S,2023-07-19 22:06:37,19-July-2023 22:06:37,19/07/2023 10:06:37 PM,19,Wednesday,7,2023
189,1st,No,male,-0.03900548789716396,0.0,0.0,30.0,S,2023-07-06 22:28:23,06-July-2023 22:28:23,06/07/2023 10:28:23 PM,6,Thursday,7,2023
190,1st,Yes,female,-0.6591453389919587,0.0,0.0,77.9583,S,2023-05-04 23:53:47,04-May-2023 23:53:47,04/05/2023 11:53:47 PM,4,Thursday,5,2023
191,1st,No,male,0.03851199348968539,0.0,0.0,45.5,S,2023-03-23 07:50:31,23-March-2023 07:50:31,23/03/2023 07:50:31 AM,23,Thursday,3,2023
192,1st,Yes,female,2.209001472321467,0.0,0.0,146.5208,C,2023-05-01 17:01:39,01-May-2023 17:01:39,01/05/2023 05:01:39 PM,1,Monday,5,2023
193,1st,Yes,female,-1.1242502273130548,0.0,0.1111111111111111,211.3375,S,2023-03-08 03:34:45,08-March-2023 03:34:45,08/03/2023 03:34:45 AM,8,Wednesday,3,2023
194,1st,No,male,0.03851199348968539,0.0,0.0,26.0,S,2023-11-10 23:18:23,10-November-2023 23:18:23,10/11/2023 11:18:23 PM,10,Friday,11,2023
195,1st,Yes,female,-1.0467327459262055,0.0,0.0,86.5,S,2023-03-14 14:24:37,14-March-2023 14:24:37,14/03/2023 02:24:37 PM,14,Tuesday,3,2023
196,1st,Yes,male,-0.1165229692840133,0.0,0.0,29.7,C,2023-12-03 10:09:24,03-December-2023 10:09:24,03/12/2023 10:09:24 AM,3,Sunday,12,2023
197,1st,No,male,-0.8141803017656575,0.125,0.0,53.1,S,2023-10-21 20:02:57,21-October-2023 20:02:57,21/10/2023 08:02:57 PM,21,Saturday,10,2023
198,1st,Yes,female,-0.8916977831525068,0.125,0.0,53.1,S,2023-09-23 10:15:34,23-September-2023 10:15:34,23/09/2023 10:15:34 AM,23,Saturday,9,2023
199,1st,Yes,female,-0.4265928948314107,0.0,0.0,49.5042,C,2023-03-16 14:26:13,16-March-2023 14:26:13,16/03/2023 02:26:13 PM,16,Thursday,3,2023
200,1st,No,male,1.278791695679275,0.0,0.0,75.2417,C,2023-04-24 14:45:51,24-April-2023 14:45:51,24/04/2023 02:45:51 PM,24,Monday,4,2023
201,1st,No,male,1.8989315467740697,0.0,0.0,51.8625,S,2023-01-30 23:57:46,30-January-2023 23:57:46,30/01/2023 11:57:46 PM,30,Monday,1,2023
202,1st,Yes,male,0.5036168818107815,0.0,0.0,26.2875,S,2023-01-08 22:39:40,08-January-2023 22:39:40,08/01/2023 10:39:40 PM,8,Sunday,1,2023
203,1st,No,male,-0.1165229692840133,0.125,0.0,82.1708,C,2023-12-15 05:12:25,15-December-2023 05:12:25,15/12/2023 05:12:25 AM,15,Friday,12,2023
204,1st,Yes,female,-0.1165229692840133,0.125,0.0,82.1708,C,2023-09-25 22:32:26,25-September-2023 22:32:26,25/09/2023 10:32:26 PM,25,Monday,9,2023
205,1st,No,male,2.7516238420294123,0.0,0.0,26.55,S,2023-05-25 22:38:29,25-May-2023 22:38:29,25/05/2023 10:38:29 PM,25,Thursday,5,2023
206,1st,No,male,1.1237567329055762,0.25,0.0,90.0,Q,2023-08-01 00:42:14,01-August-2023 00:42:14,01/08/2023 12:42:14 AM,1,Tuesday,8,2023
207,1st,Yes,female,0.2710644376502334,0.125,0.0,90.0,Q,2023-03-02 21:53:18,02-March-2023 21:53:18,02/03/2023 09:53:18 PM,2,Thursday,3,2023
208,1st,Yes,female,0.5811343631976308,0.125,0.0,90.0,Q,2023-04-28 14:19:10,28-April-2023 14:19:10,28/04/2023 02:19:10 PM,28,Friday,4,2023
209,1st,Yes,male,0.03851199348968539,0.125,0.0,57.75,C,2023-06-15 00:57:32,15-June-2023 00:57:32,15/06/2023 12:57:32 AM,15,Thursday,6,2023
210,1st,No,male,1.976449028160919,0.0,0.0,30.5,S,2023-04-19 19:40:25,19-April-2023 19:40:25,19/04/2023 07:40:25 PM,19,Wednesday,4,2023
211,1st,No,male,1.3563091770661244,0.0,0.0,42.4,S,2023-10-31 00:56:52,31-October-2023 00:56:52,31/10/2023 12:56:52 AM,31,Tuesday,10,2023
212,1st,No,male,0.5811343631976308,0.0,0.1111111111111111,29.7,C,2023-06-12 11:26:40,12-June-2023 11:26:40,12/06/2023 11:26:40 AM,12,Monday,6,2023
213,1st,Yes,female,0.11602947487653474,0.125,0.0,113.275,C,2023-11-16 16:28:40,16-November-2023 16:28:40,16/11/2023 04:28:40 PM,16,Thursday,11,2023
214,1st,Yes,female,-0.50411037621826,0.125,0.0,113.275,C,2023-10-05 09:36:11,05-October-2023 09:36:11,05/10/2023 09:36:11 AM,5,Thursday,10,2023
215,1st,No,male,2.209001472321467,0.0,0.2222222222222222,113.275,C,2023-08-23 11:14:14,23-August-2023 11:14:14,23/08/2023 11:14:14 AM,23,Wednesday,8,2023
216,1st,Yes,female,-0.8141803017656575,0.0,0.2222222222222222,26.2833,S,2023-08-23 22:36:58,23-August-2023 22:36:58,23/08/2023 10:36:58 PM,23,Wednesday,8,2023
217,1st,No,male,2.674106360642563,0.0,0.0,26.0,S,2023-05-08 11:21:12,08-May-2023 11:21:12,08/05/2023 11:21:12 AM,8,Monday,5,2023
218,1st,Yes,female,0.7361693259713296,0.0,0.0,108.9,C,2023-03-29 09:19:25,29-March-2023 09:19:25,29/03/2023 09:19:25 AM,29,Wednesday,3,2023
219,1st,Yes,male,-0.1165229692840133,0.0,0.0,25.7417,C,2023-01-15 22:05:22,15-January-2023 22:05:22,15/01/2023 10:05:22 PM,15,Sunday,1,2023
220,1st,Yes,female,-0.5816278576051094,0.0,0.1111111111111111,61.9792,C,2023-05-13 23:01:45,13-May-2023 23:01:45,13/05/2023 11:01:45 PM,13,Saturday,5,2023
221,1st,No,male,2.7516238420294123,0.0,0.1111111111111111,61.9792,C,2023-05-19 12:36:25,19-May-2023 12:36:25,19/05/2023 12:36:25 PM,19,Friday,5,2023
222,1st,No,male,-0.07776422859058864,0.0,0.0,27.7208,C,2023-01-25 23:38:36,25-January-2023 23:38:36,25/01/2023 11:38:36 PM,25,Wednesday,1,2023
223,1st,No,male,-0.1165229692840133,0.0,0.0,0.0,S,2023-12-31 06:57:48,31-December-2023 06:57:48,31/12/2023 06:57:48 AM,31,Sunday,12,2023
224,1st,No,male,1.2400329549858504,0.0,0.0,28.5,S,2023-10-08 22:56:42,08-October-2023 22:56:42,08/10/2023 10:56:42 PM,8,Sunday,10,2023
225,1st,No,male,-0.50411037621826,0.0,0.0,93.5,S,2023-03-29 12:26:05,29-March-2023 12:26:05,29/03/2023 12:26:05 PM,29,Wednesday,3,2023
226,1st,No,male,-0.03900548789716396,0.125,0.0,66.6,S,2023-06-11 06:33:39,11-June-2023 06:33:39,11/06/2023 06:33:39 AM,11,Sunday,6,2023
227,1st,Yes,female,-0.5816278576051094,0.125,0.0,66.6,S,2023-06-30 19:21:43,30-June-2023 19:21:43,30/06/2023 07:21:43 PM,30,Friday,6,2023
228,1st,No,male,-0.8916977831525068,0.125,0.0,108.9,C,2023-10-25 12:38:51,25-October-2023 12:38:51,25/10/2023 12:38:51 PM,25,Wednesday,10,2023
229,1st,Yes,female,-0.9692152645393561,0.125,0.0,108.9,C,2023-03-18 21:02:56,18-March-2023 21:02:56,18/03/2023 09:02:56 PM,18,Saturday,3,2023
230,1st,Yes,female,0.03851199348968539,0.0,0.0,93.5,S,2023-05-16 13:48:26,16-May-2023 13:48:26,16/05/2023 01:48:26 PM,16,Tuesday,5,2023
231,1st,Yes,male,1.743896584000371,0.0,0.0,30.5,S,2023-03-20 14:49:50,20-March-2023 14:49:50,20/03/2023 02:49:50 PM,20,Monday,3,2023
232,1st,No,male,1.3563091770661244,0.0,0.0,52.0,S,2023-03-06 08:35:06,06-March-2023 08:35:06,06/03/2023 08:35:06 AM,6,Monday,3,2023
233,1st,Yes,female,2.0539665095477684,0.0,0.1111111111111111,83.1583,C,2023-01-30 13:19:17,30-January-2023 13:19:17,30/01/2023 01:19:17 PM,30,Monday,1,2023
234,1st,No,male,0.6586518445844802,0.0,0.0,0.0,S,2023-11-26 20:37:45,26-November-2023 20:37:45,26/11/2023 08:37:45 PM,26,Sunday,11,2023
235,1st,Yes,male,-0.1165229692840133,0.0,0.0,39.6,S,2023-05-24 04:33:30,24-May-2023 04:33:30,24/05/2023 04:33:30 AM,24,Wednesday,5,2023
236,1st,No,male,-0.5816278576051094,0.0,0.0,135.6333,C,2023-02-21 14:33:29,21-February-2023 14:33:29,21/02/2023 02:33:29 PM,21,Tuesday,2,2023
237,1st,No,male,-0.1165229692840133,0.0,0.0,227.525,C,2023-04-11 01:23:03,11-April-2023 01:23:03,11/04/2023 01:23:03 AM,11,Tuesday,4,2023
238,1st,Yes,female,1.0462392515187269,0.0,0.1111111111111111,211.3375,S,2023-09-08 03:43:08,08-September-2023 03:43:08,08/09/2023 03:43:08 AM,8,Friday,9,2023
239,1st,No,male,0.11602947487653474,0.0,0.0,50.4958,S,2023-09-13 07:36:48,13-September-2023 07:36:48,13/09/2023 07:36:48 AM,13,Wednesday,9,2023
240,1st,Yes,male,1.2012742142924255,0.0,0.0,26.55,S,2023-07-31 00:24:28,31-July-2023 00:24:28,31/07/2023 12:24:28 AM,31,Monday,7,2023
241,1st,No,male,-0.1165229692840133,0.0,0.0,50.0,S,2023-02-03 00:19:45,03-February-2023 00:19:45,03/02/2023 12:19:45 AM,3,Friday,2,2023
242,1st,Yes,female,0.2710644376502334,0.0,0.0,27.7208,C,2023-06-27 09:21:42,27-June-2023 09:21:42,27/06/2023 09:21:42 AM,27,Tuesday,6,2023
243,1st,No,male,1.278791695679275,0.0,0.0,79.2,C,2023-07-06 16:31:23,06-July-2023 16:31:23,06/07/2023 04:31:23 PM,6,Thursday,7,2023
244,1st,No,male,0.5036168818107815,0.0,0.0,40.125,C,2023-02-05 09:34:17,05-February-2023 09:34:17,05/02/2023 09:34:17 AM,5,Sunday,2,2023
245,1st,Yes,female,0.2710644376502334,0.0,0.0,86.5,S,2023-12-17 03:52:44,17-December-2023 03:52:44,17/12/2023 03:52:44 AM,17,Sunday,12,2023
246,1st,No,male,1.976449028160919,0.125,0.0,59.4,C,2023-10-19 03:49:23,19-October-2023 03:49:23,19/10/2023 03:49:23 AM,19,Thursday,10,2023
247,1st,Yes,female,1.8989315467740697,0.125,0.0,59.4,C,2023-02-25 09:21:33,25-February-2023 09:21:33,25/02/2023 09:21:33 AM,25,Saturday,2,2023
248,1st,No,male,0.2710644376502334,0.0,0.0,26.55,S,2023-01-16 06:20:52,16-January-2023 06:20:52,16/01/2023 06:20:52 AM,16,Monday,1,2023
249,1st,Yes,male,-1.2792851900867535,0.25,0.2222222222222222,262.375,C,2023-09-02 10:36:38,02-September-2023 10:36:38,02/09/2023 10:36:38 AM,2,Saturday,9,2023
250,1st,Yes,female,-0.8916977831525068,0.25,0.2222222222222222,262.375,C,2023-06-05 07:23:00,05-June-2023 07:23:00,05/06/2023 07:23:00 AM,5,Monday,6,2023
251,1st,Yes,female,-0.6591453389919587,0.25,0.2222222222222222,262.375,C,2023-09-25 13:58:39,25-September-2023 13:58:39,25/09/2023 01:58:39 PM,25,Monday,9,2023
252,1st,No,male,2.441553916482015,0.125,0.3333333333333333,262.375,C,2023-08-27 08:41:17,27-August-2023 08:41:17,27/08/2023 08:41:17 AM,27,Sunday,8,2023
253,1st,Yes,female,1.4338266584529737,0.125,0.3333333333333333,262.375,C,2023-11-27 07:53:11,27-November-2023 07:53:11,27/11/2023 07:53:11 AM,27,Monday,11,2023
254,1st,Yes,male,-0.1165229692840133,0.0,0.0,30.5,S,2023-05-02 21:02:58,02-May-2023 21:02:58,02/05/2023 09:02:58 PM,2,Tuesday,5,2023
255,1st,Yes,female,-0.4265928948314107,0.0,0.0,69.3,C,2023-01-25 04:02:26,25-January-2023 04:02:26,25/01/2023 04:02:26 AM,25,Wednesday,1,2023
256,1st,Yes,male,-0.1165229692840133,0.0,0.0,26.0,S,2023-05-16 16:44:13,16-May-2023 16:44:13,16/05/2023 04:44:13 PM,16,Tuesday,5,2023
257,1st,Yes,female,0.42609940042393213,0.125,0.0,57.75,C,2023-10-12 12:16:24,12-October-2023 12:16:24,12/10/2023 12:16:24 PM,12,Thursday,10,2023
258,1st,Yes,female,0.03851199348968539,0.0,0.0,31.0,C,2023-06-02 17:34:05,02-June-2023 17:34:05,02/06/2023 05:34:05 PM,2,Friday,6,2023
259,1st,Yes,male,0.3485819190370828,0.0,0.0,26.55,S,2023-10-10 07:14:10,10-October-2023 07:14:10,10/10/2023 07:14:10 AM,10,Tuesday,10,2023
260,1st,Yes,female,0.8136868073581789,0.0,0.0,153.4625,S,2023-04-15 16:18:11,15-April-2023 16:18:11,15/04/2023 04:18:11 PM,15,Saturday,4,2023
261,1st,Yes,male,0.42609940042393213,0.0,0.0,26.2875,S,2023-04-04 13:07:00,04-April-2023 13:07:00,04/04/2023 01:07:00 PM,4,Tuesday,4,2023
262,1st,No,male,1.5888616212266724,0.125,0.0,55.9,S,2023-09-16 22:49:22,16-September-2023 22:49:22,16/09/2023 10:49:22 PM,16,Saturday,9,2023
263,1st,Yes,female,0.7361693259713296,0.125,0.0,55.9,S,2023-10-10 21:16:23,10-October-2023 21:16:23,10/10/2023 09:16:23 PM,10,Tuesday,10,2023
264,1st,Yes,male,2.0539665095477684,0.0,0.0,35.5,C,2023-04-29 05:08:56,29-April-2023 05:08:56,29/04/2023 05:08:56 AM,29,Saturday,4,2023
265,1st,Yes,male,-0.1165229692840133,0.0,0.0,35.5,S,2023-12-24 23:29:46,24-December-2023 23:29:46,24/12/2023 11:29:46 PM,24,Sunday,12,2023
266,1st,No,male,2.0539665095477684,0.0,0.0,26.55,S,2023-11-18 13:21:23,18-November-2023 13:21:23,18/11/2023 01:21:23 PM,18,Saturday,11,2023
267,1st,No,male,2.0539665095477684,0.0,0.0,30.6958,C,2023-02-04 17:18:40,04-February-2023 17:18:40,04/02/2023 05:18:40 PM,4,Saturday,2,2023
268,1st,No,male,-0.4265928948314107,0.125,0.0,60.0,S,2023-02-18 12:47:44,18-February-2023 12:47:44,18/02/2023 12:47:44 PM,18,Saturday,2,2023
269,1st,No,male,-0.1165229692840133,0.0,0.0,26.0,S,2023-11-29 10:47:19,29-November-2023 10:47:19,29/11/2023 10:47:19 AM,29,Wednesday,11,2023
270,1st,Yes,female,-0.8916977831525068,0.125,0.0,60.0,S,2023-04-29 10:49:15,29-April-2023 10:49:15,29/04/2023 10:49:15 AM,29,Saturday,4,2023
271,1st,Yes,male,-0.4265928948314107,0.125,0.0,82.2667,S,2023-04-09 09:06:18,09-April-2023 09:06:18,09/04/2023 09:06:18 AM,9,Sunday,4,2023
272,1st,Yes,female,-0.50411037621826,0.125,0.0,82.2667,S,2023-04-26 00:44:09,26-April-2023 00:44:09,26/04/2023 12:44:09 AM,26,Wednesday,4,2023
273,1st,Yes,male,-1.821907559794699,0.0,0.2222222222222222,134.5,C,2023-03-26 18:18:40,26-March-2023 18:18:40,26/03/2023 06:18:40 PM,26,Sunday,3,2023
274,1st,Yes,male,1.2012742142924255,0.125,0.1111111111111111,134.5,C,2023-05-16 00:26:28,16-May-2023 00:26:28,16/05/2023 12:26:28 AM,16,Tuesday,5,2023
275,1st,Yes,female,0.8136868073581789,0.125,0.1111111111111111,134.5,C,2023-07-13 00:33:37,13-July-2023 00:33:37,13/07/2023 12:33:37 AM,13,Thursday,7,2023
276,1st,No,male,2.1314839909346177,0.125,0.0,146.5208,C,2023-07-23 09:06:30,23-July-2023 09:06:30,23/07/2023 09:06:30 AM,23,Sunday,7,2023
277,1st,Yes,female,-0.1165229692840133,0.125,0.0,146.5208,C,2023-09-02 01:04:15,02-September-2023 01:04:15,02/09/2023 01:04:15 AM,2,Saturday,9,2023
278,1st,Yes,male,0.19354695626338408,0.0,0.0,30.5,C,2023-11-27 09:11:13,27-November-2023 09:11:13,27/11/2023 09:11:13 AM,27,Monday,11,2023
279,1st,No,male,2.5190713978688644,0.0,0.0,26.55,S,2023-07-14 14:28:41,14-July-2023 14:28:41,14/07/2023 02:28:41 PM,14,Friday,7,2023
280,1st,Yes,male,1.8989315467740697,0.125,0.0,55.4417,C,2023-04-23 20:58:33,23-April-2023 20:58:33,23/04/2023 08:58:33 PM,23,Sunday,4,2023
281,1st,Yes,female,1.0462392515187269,0.125,0.0,55.4417,C,2023-11-21 02:23:11,21-November-2023 02:23:11,21/11/2023 02:23:11 AM,21,Tuesday,11,2023
282,1st,Yes,female,1.743896584000371,0.125,0.0,78.2667,C,2023-10-21 13:26:29,21-October-2023 13:26:29,21/10/2023 01:26:29 PM,21,Saturday,10,2023
283,1st,No,male,-0.1165229692840133,0.0,0.0,27.7208,C,2023-02-01 00:35:00,01-February-2023 00:35:00,01/02/2023 12:35:00 AM,1,Wednesday,2,2023
284,1st,Yes,female,2.5190713978688644,0.0,0.0,80.0,S,2023-03-19 14:56:03,19-March-2023 14:56:03,19/03/2023 02:56:03 PM,19,Sunday,3,2023
285,1st,No,male,2.906658804803111,0.125,0.0,221.7792,S,2023-03-01 15:48:00,01-March-2023 15:48:00,01/03/2023 03:48:00 PM,1,Wednesday,3,2023
286,1st,No,female,2.5965888792557137,0.125,0.0,221.7792,S,2023-08-21 19:58:13,21-August-2023 19:58:13,21/08/2023 07:58:13 PM,21,Monday,8,2023
287,1st,No,male,2.441553916482015,0.0,0.0,32.3208,S,2023-05-04 22:43:24,04-May-2023 22:43:24,04/05/2023 10:43:24 PM,4,Thursday,5,2023
288,1st,Yes,female,1.4338266584529737,0.0,0.0,25.9292,S,2023-01-21 02:56:04,21-January-2023 02:56:04,21/01/2023 02:56:04 AM,21,Saturday,1,2023
289,1st,Yes,female,-0.8916977831525068,0.0,0.2222222222222222,79.65,S,2023-01-26 05:19:10,26-January-2023 05:19:10,26/01/2023 05:19:10 AM,26,Thursday,1,2023
290,1st,No,male,1.743896584000371,0.125,0.1111111111111111,79.65,S,2023-12-28 03:19:29,28-December-2023 03:19:29,28/12/2023 03:19:29 AM,28,Thursday,12,2023
291,1st,Yes,female,0.7361693259713296,0.125,0.1111111111111111,79.65,S,2023-05-13 20:03:03,13-May-2023 20:03:03,13/05/2023 08:03:03 PM,13,Saturday,5,2023
292,1st,Yes,male,1.4338266584529737,0.125,0.0,52.0,S,2023-05-05 16:15:49,05-May-2023 16:15:49,05/05/2023 04:15:49 PM,5,Friday,5,2023
293,1st,Yes,female,-0.1165229692840133,0.125,0.0,52.0,S,2023-06-11 12:27:25,11-June-2023 12:27:25,11/06/2023 12:27:25 PM,11,Sunday,6,2023
294,1st,No,male,1.511344139839823,0.125,0.1111111111111111,110.8833,C,2023-02-11 05:59:22,11-February-2023 05:59:22,11/02/2023 05:59:22 AM,11,Saturday,2,2023
295,1st,Yes,male,-0.9692152645393561,0.0,0.2222222222222222,110.8833,C,2023-09-17 07:58:04,17-September-2023 07:58:04,17/09/2023 07:58:04 AM,17,Sunday,9,2023
296,1st,Yes,female,0.7361693259713296,0.125,0.1111111111111111,110.8833,C,2023-12-21 06:03:01,21-December-2023 06:03:01,21/12/2023 06:03:01 AM,21,Thursday,12,2023
297,1st,Yes,female,-0.1165229692840133,0.0,0.0,79.2,C,2023-08-06 16:03:08,06-August-2023 16:03:08,06/08/2023 04:03:08 PM,6,Sunday,8,2023
298,1st,Yes,male,0.11602947487653474,0.0,0.0,28.5375,C,2023-01-25 23:16:57,25-January-2023 23:16:57,25/01/2023 11:16:57 PM,25,Wednesday,1,2023
299,1st,No,male,0.8136868073581789,0.0,0.0,27.7208,C,2023-04-18 13:28:04,18-April-2023 13:28:04,18/04/2023 01:28:04 PM,18,Tuesday,4,2023
300,1st,No,male,2.441553916482015,0.0,0.0,33.5,S,2023-10-21 13:38:43,21-October-2023 13:38:43,21/10/2023 01:38:43 PM,21,Saturday,10,2023
301,1st,No,male,1.3563091770661244,0.0,0.0,34.0208,S,2023-12-24 18:27:15,24-December-2023 18:27:15,24/12/2023 06:27:15 PM,24,Sunday,12,2023
302,1st,Yes,female,0.42609940042393213,0.0,0.0,512.3292,C,2023-05-03 13:25:33,03-May-2023 13:25:33,03/05/2023 01:25:33 PM,3,Wednesday,5,2023
303,1st,No,male,2.674106360642563,0.125,0.0,75.25,C,2023-02-26 09:22:02,26-February-2023 09:22:02,26/02/2023 09:22:02 AM,26,Sunday,2,2023
304,1st,Yes,female,2.3640364350951657,0.125,0.0,75.25,C,2023-08-17 03:23:00,17-August-2023 03:23:00,17/08/2023 03:23:00 AM,17,Thursday,8,2023
305,1st,No,male,2.3640364350951657,0.0,0.0,26.55,S,2023-05-10 09:09:55,10-May-2023 09:09:55,10/05/2023 09:09:55 AM,10,Wednesday,5,2023
306,1st,No,male,1.8989315467740697,0.0,0.1111111111111111,77.2875,S,2023-11-02 00:38:07,02-November-2023 00:38:07,02/11/2023 12:38:07 AM,2,Thursday,11,2023
307,1st,No,male,-0.6591453389919587,0.0,0.1111111111111111,77.2875,S,2023-03-10 08:24:56,10-March-2023 08:24:56,10/03/2023 08:24:56 AM,10,Friday,3,2023
308,1st,Yes,female,1.976449028160919,0.0,0.0,135.6333,C,2023-09-19 09:01:12,19-September-2023 09:01:12,19/09/2023 09:01:12 AM,19,Tuesday,9,2023
309,1st,Yes,female,0.11602947487653474,0.0,0.2222222222222222,164.8667,S,2023-09-21 05:12:04,21-September-2023 05:12:04,21/09/2023 05:12:04 AM,21,Thursday,9,2023
310,1st,No,male,2.1314839909346177,0.125,0.1111111111111111,164.8667,S,2023-11-14 13:45:39,14-November-2023 13:45:39,14/11/2023 01:45:39 PM,14,Tuesday,11,2023
311,1st,Yes,female,1.2012742142924255,0.125,0.1111111111111111,164.8667,S,2023-09-15 22:05:13,15-September-2023 22:05:13,15/09/2023 10:05:13 PM,15,Friday,9,2023
312,1st,No,male,1.5888616212266724,0.125,0.1111111111111111,211.5,C,2023-12-18 15:38:32,18-December-2023 15:38:32,18/12/2023 03:38:32 PM,18,Monday,12,2023
313,1st,No,male,-0.19404045067086265,0.0,0.2222222222222222,211.5,C,2023-05-08 18:26:56,08-May-2023 18:26:56,08/05/2023 06:26:56 PM,8,Monday,5,2023
314,1st,Yes,female,1.5888616212266724,0.125,0.1111111111111111,211.5,C,2023-06-25 07:45:32,25-June-2023 07:45:32,25/06/2023 07:45:32 AM,25,Sunday,6,2023
315,1st,Yes,female,-0.6591453389919587,0.0,0.0,26.55,S,2023-01-09 15:00:59,09-January-2023 15:00:59,09/01/2023 03:00:59 PM,9,Monday,1,2023
316,1st,No,male,1.6663791026135217,0.0,0.1111111111111111,61.3792,C,2023-10-13 17:38:05,13-October-2023 17:38:05,13/10/2023 05:38:05 PM,13,Friday,10,2023
317,1st,Yes,male,-0.6591453389919587,0.0,0.1111111111111111,61.3792,C,2023-10-13 15:55:37,13-October-2023 15:55:37,13/10/2023 03:55:37 PM,13,Friday,10,2023
318,1st,No,male,-0.1165229692840133,0.0,0.0,35.0,S,2023-10-26 01:46:50,26-October-2023 01:46:50,26/10/2023 01:46:50 AM,26,Thursday,10,2023
319,1st,Yes,female,0.11602947487653474,0.0,0.0,134.5,C,2023-02-18 11:44:05,18-February-2023 11:44:05,18/02/2023 11:44:05 AM,18,Saturday,2,2023
320,1st,Yes,male,-0.1165229692840133,0.0,0.0,35.5,S,2023-01-27 06:08:51,27-January-2023 06:08:51,27/01/2023 06:08:51 AM,27,Friday,1,2023
321,1st,No,male,2.5190713978688644,0.0,0.0,26.55,S,2023-12-11 19:35:43,11-December-2023 19:35:43,11/12/2023 07:35:43 PM,11,Monday,12,2023
322,1st,Yes,female,0.5036168818107815,0.0,0.0,135.6333,C,2023-06-27 19:21:52,27-June-2023 19:21:52,27/06/2023 07:21:52 PM,27,Tuesday,6,2023
323,2nd,No,male,0.03851199348968539,0.125,0.0,24.0,C,2023-01-18 12:36:51,18-January-2023 12:36:51,18/01/2023 12:36:51 PM,18,Wednesday,1,2023
324,2nd,Yes,female,-0.1165229692840133,0.125,0.0,24.0,C,2023-11-07 19:22:53,07-November-2023 19:22:53,07/11/2023 07:22:53 PM,7,Tuesday,11,2023
325,2nd,No,male,0.03851199348968539,0.0,0.0,13.0,S,2023-11-12 18:28:58,12-November-2023 18:28:58,12/11/2023 06:28:58 PM,12,Sunday,11,2023
326,2nd,No,male,-0.8916977831525068,0.0,0.0,11.5,S,2023-04-14 16:58:37,14-April-2023 16:58:37,14/04/2023 04:58:37 PM,14,Friday,4,2023
327,2nd,No,male,-0.34907541344456133,0.0,0.0,10.5,S,2023-10-07 21:32:51,07-October-2023 21:32:51,07/10/2023 09:32:51 PM,7,Saturday,10,2023
328,2nd,No,male,0.3485819190370828,0.125,0.0,26.0,S,2023-04-18 22:50:55,18-April-2023 22:50:55,18/04/2023 10:50:55 PM,18,Tuesday,4,2023
329,2nd,Yes,female,0.5036168818107815,0.125,0.0,26.0,S,2023-12-06 09:42:42,06-December-2023 09:42:42,06/12/2023 09:42:42 AM,6,Wednesday,12,2023
330,2nd,No,male,2.1314839909346177,0.0,0.0,13.0,S,2023-12-30 07:35:42,30-December-2023 07:35:42,30/12/2023 07:35:42 AM,30,Saturday,12,2023
331,2nd,No,male,-0.8916977831525068,0.0,0.0,11.5,S,2023-01-29 04:16:12,29-January-2023 04:16:12,29/01/2023 04:16:12 AM,29,Sunday,1,2023
332,2nd,No,male,-0.50411037621826,0.0,0.0,10.5,S,2023-04-16 20:39:25,16-April-2023 20:39:25,16/04/2023 08:39:25 PM,16,Sunday,4,2023
333,2nd,Yes,female,0.5036168818107815,0.0,0.0,13.0,S,2023-06-15 15:50:10,15-June-2023 15:50:10,15/06/2023 03:50:10 PM,15,Thursday,6,2023
334,2nd,No,male,-0.1165229692840133,0.0,0.0,10.5,S,2023-04-17 16:33:37,17-April-2023 16:33:37,17/04/2023 04:33:37 PM,17,Monday,4,2023
335,2nd,No,male,1.6663791026135217,0.0,0.0,12.525,S,2023-07-19 13:36:21,19-July-2023 13:36:21,19/07/2023 01:36:21 PM,19,Wednesday,7,2023
336,2nd,Yes,male,0.19354695626338408,0.125,0.0,26.0,S,2023-10-28 04:21:34,28-October-2023 04:21:34,28/10/2023 04:21:34 AM,28,Saturday,10,2023
337,2nd,Yes,female,-0.8141803017656575,0.125,0.0,26.0,S,2023-07-02 04:31:25,02-July-2023 04:31:25,02/07/2023 04:31:25 AM,2,Sunday,7,2023
338,2nd,No,male,-0.1165229692840133,0.0,0.0,26.0,S,2023-07-01 11:17:02,01-July-2023 11:17:02,01/07/2023 11:17:02 AM,1,Saturday,7,2023
339,2nd,Yes,male,-2.2094949667289456,0.25,0.1111111111111111,39.0,S,2023-05-16 22:12:09,16-May-2023 22:12:09,16/05/2023 10:12:09 PM,16,Tuesday,5,2023
340,2nd,Yes,female,-1.9769425225683976,0.25,0.1111111111111111,39.0,S,2023-04-17 13:12:12,17-April-2023 13:12:12,17/04/2023 01:12:12 PM,17,Monday,4,2023
341,2nd,Yes,female,-1.356802671473603,0.25,0.1111111111111111,39.0,S,2023-02-22 07:38:08,22-February-2023 07:38:08,22/02/2023 07:38:08 AM,22,Wednesday,2,2023
342,2nd,Yes,female,0.5036168818107815,0.0,0.3333333333333333,39.0,S,2023-10-02 20:51:15,02-October-2023 20:51:15,02/10/2023 08:51:15 PM,2,Monday,10,2023
343,2nd,Yes,male,0.3485819190370828,0.0,0.0,13.0,S,2023-08-07 15:37:13,07-August-2023 15:37:13,07/08/2023 03:37:13 PM,7,Monday,8,2023
344,2nd,Yes,female,-0.8141803017656575,0.0,0.0,13.0,S,2023-10-15 07:12:37,15-October-2023 07:12:37,15/10/2023 07:12:37 AM,15,Sunday,10,2023
345,2nd,No,male,-0.50411037621826,0.0,0.0,13.0,S,2023-04-19 00:11:00,19-April-2023 00:11:00,19/04/2023 12:11:00 AM,19,Wednesday,4,2023
346,2nd,No,male,-0.271557932057712,0.0,0.0,13.0,S,2023-07-07 02:45:18,07-July-2023 02:45:18,07/07/2023 02:45:18 AM,7,Friday,7,2023
347,2nd,No,male,0.9687217701318775,0.0,0.0,13.0,S,2023-07-21 16:15:04,21-July-2023 16:15:04,21/07/2023 04:15:04 PM,21,Friday,7,2023
348,2nd,No,male,-0.19404045067086265,0.0,0.0,13.0,S,2023-02-20 18:21:17,20-February-2023 18:21:17,20/02/2023 06:21:17 PM,20,Monday,2,2023
349,2nd,Yes,female,-0.4265928948314107,0.0,0.0,13.0,S,2023-10-19 13:15:54,19-October-2023 13:15:54,19/10/2023 01:15:54 PM,19,Thursday,10,2023
350,2nd,Yes,female,-1.1242502273130548,0.0,0.2222222222222222,39.0,S,2023-11-05 05:56:51,05-November-2023 05:56:51,05/11/2023 05:56:51 AM,5,Sunday,11,2023
351,2nd,No,male,2.3640364350951657,0.125,0.1111111111111111,39.0,S,2023-01-17 06:39:15,17-January-2023 06:39:15,17/01/2023 06:39:15 AM,17,Tuesday,1,2023
352,2nd,Yes,female,0.8136868073581789,0.125,0.1111111111111111,39.0,S,2023-01-29 18:11:03,29-January-2023 18:11:03,29/01/2023 06:11:03 PM,29,Sunday,1,2023
353,2nd,Yes,female,-0.7366628203788081,0.125,0.0,26.0,S,2023-07-23 13:08:17,23-July-2023 13:08:17,23/07/2023 01:08:17 PM,23,Sunday,7,2023
354,2nd,No,male,-0.34907541344456133,0.125,0.0,26.0,S,2023-12-08 07:04:38,08-December-2023 07:04:38,08/12/2023 07:04:38 AM,8,Friday,12,2023
355,2nd,Yes,female,0.5036168818107815,0.0,0.0,13.0,S,2023-08-24 05:36:02,24-August-2023 05:36:02,24/08/2023 05:36:02 AM,24,Thursday,8,2023
356,2nd,No,male,-0.34907541344456133,0.0,0.0,13.0,S,2023-10-04 22:45:40,04-October-2023 22:45:40,04/10/2023 10:45:40 PM,4,Wednesday,10,2023
357,2nd,No,male,0.9687217701318775,0.0,0.0,13.0,S,2023-12-22 12:08:32,22-December-2023 12:08:32,22/12/2023 12:08:32 PM,22,Friday,12,2023
358,2nd,Yes,female,0.9687217701318775,0.0,0.0,13.0,S,2023-04-13 07:00:55,13-April-2023 07:00:55,13/04/2023 07:00:55 AM,13,Thursday,4,2023
359,2nd,Yes,male,-2.2224171308761336,0.0,0.2222222222222222,29.0,S,2023-05-14 03:59:03,14-May-2023 03:59:03,14/05/2023 03:59:03 AM,14,Sunday,5,2023
360,2nd,Yes,male,-0.271557932057712,0.125,0.1111111111111111,29.0,S,2023-05-05 22:23:29,05-May-2023 22:23:29,05/05/2023 10:23:29 PM,5,Friday,5,2023
361,2nd,Yes,female,-0.5816278576051094,0.125,0.1111111111111111,29.0,S,2023-10-09 23:41:19,09-October-2023 23:41:19,09/10/2023 11:41:19 PM,9,Monday,10,2023
362,2nd,Yes,female,0.42609940042393213,0.0,0.0,21.0,S,2023-01-27 03:24:54,27-January-2023 03:24:54,27/01/2023 03:24:54 AM,27,Friday,1,2023
363,2nd,No,male,-0.1165229692840133,0.0,0.0,0.0,S,2023-05-26 09:15:02,26-May-2023 09:15:02,26/05/2023 09:15:02 AM,26,Friday,5,2023
364,2nd,No,male,-0.8141803017656575,0.0,0.0,13.0,S,2023-11-05 13:16:50,05-November-2023 13:16:50,05/11/2023 01:16:50 PM,5,Sunday,11,2023
365,2nd,No,female,1.1237567329055762,0.125,0.0,26.0,S,2023-07-15 09:24:23,15-July-2023 09:24:23,15/07/2023 09:24:23 AM,15,Saturday,7,2023
366,2nd,No,male,1.8989315467740697,0.125,0.0,26.0,S,2023-02-26 20:09:58,26-February-2023 20:09:58,26/02/2023 08:09:58 PM,26,Sunday,2,2023
367,2nd,No,male,1.743896584000371,0.0,0.0,13.5,S,2023-01-24 08:59:35,24-January-2023 08:59:35,24/01/2023 08:59:35 AM,24,Tuesday,1,2023
368,2nd,No,male,0.5811343631976308,0.125,0.0,26.0,S,2023-04-04 05:28:28,04-April-2023 05:28:28,04/04/2023 05:28:28 AM,4,Tuesday,4,2023
369,2nd,No,female,-0.03900548789716396,0.125,0.0,26.0,S,2023-05-03 18:53:57,03-May-2023 18:53:57,03/05/2023 06:53:57 PM,3,Wednesday,5,2023
370,2nd,Yes,female,-0.34907541344456133,0.125,0.1111111111111111,30.0,S,2023-07-23 11:02:19,23-July-2023 11:02:19,23/07/2023 11:02:19 AM,23,Sunday,7,2023
371,2nd,Yes,female,1.2012742142924255,0.0,0.2222222222222222,30.0,S,2023-04-17 19:28:01,17-April-2023 19:28:01,17/04/2023 07:28:01 PM,17,Monday,4,2023
372,2nd,No,male,-0.03900548789716396,0.125,0.0,26.0,S,2023-03-19 14:43:29,19-March-2023 14:43:29,19/03/2023 02:43:29 PM,19,Sunday,3,2023
373,2nd,Yes,female,-0.1165229692840133,0.125,0.0,26.0,S,2023-09-30 05:41:48,30-September-2023 05:41:48,30/09/2023 05:41:48 AM,30,Saturday,9,2023
374,2nd,No,male,-0.03900548789716396,0.0,0.0,10.5,S,2023-03-16 04:20:12,16-March-2023 04:20:12,16/03/2023 04:20:12 AM,16,Thursday,3,2023
375,2nd,No,male,-0.1165229692840133,0.0,0.0,13.0,S,2023-02-17 23:32:50,17-February-2023 23:32:50,17/02/2023 11:32:50 PM,17,Friday,2,2023
376,2nd,Yes,male,-0.4265928948314107,0.0,0.0,10.5,S,2023-04-10 01:41:54,10-April-2023 01:41:54,10/04/2023 01:41:54 AM,10,Monday,4,2023
377,2nd,Yes,female,-1.6668725970210003,0.0,0.2222222222222222,26.25,S,2023-05-09 10:48:05,09-May-2023 10:48:05,09/05/2023 10:48:05 AM,9,Tuesday,5,2023
378,2nd,No,male,0.11602947487653474,0.125,0.1111111111111111,26.25,S,2023-09-13 22:53:26,13-September-2023 22:53:26,13/09/2023 10:53:26 PM,13,Wednesday,9,2023
379,2nd,Yes,female,0.11602947487653474,0.125,0.1111111111111111,26.25,S,2023-06-03 11:50:53,03-June-2023 11:50:53,03/06/2023 11:50:53 AM,3,Saturday,6,2023
380,2nd,Yes,female,-0.5816278576051094,0.0,0.0,10.5,S,2023-11-19 15:24:08,19-November-2023 15:24:08,19/11/2023 03:24:08 PM,19,Sunday,11,2023
381,2nd,No,female,0.03851199348968539,0.0,0.0,13.0,S,2023-06-19 06:54:54,19-June-2023 06:54:54,19/06/2023 06:54:54 AM,19,Monday,6,2023
382,2nd,No,female,-0.1165229692840133,0.0,0.0,21.0,S,2023-11-29 13:52:19,29-November-2023 13:52:19,29/11/2023 01:52:19 PM,29,Wednesday,11,2023
383,2nd,No,male,-0.6591453389919587,0.0,0.0,11.5,S,2023-03-16 00:50:16,16-March-2023 00:50:16,16/03/2023 12:50:16 AM,16,Thursday,3,2023
384,2nd,No,male,-0.1165229692840133,0.0,0.0,0.0,S,2023-11-14 04:52:59,14-November-2023 04:52:59,14/11/2023 04:52:59 AM,14,Tuesday,11,2023
385,2nd,Yes,male,-1.6668725970210003,0.125,0.1111111111111111,36.75,S,2023-12-31 15:00:43,31-December-2023 15:00:43,31/12/2023 03:00:43 PM,31,Sunday,12,2023
386,2nd,No,male,-0.8916977831525068,0.0,0.0,73.5,S,2023-03-19 07:16:25,19-March-2023 07:16:25,19/03/2023 07:16:25 AM,19,Sunday,3,2023
387,2nd,Yes,female,1.4338266584529737,0.0,0.2222222222222222,36.75,S,2023-07-26 03:34:35,26-July-2023 03:34:35,26/07/2023 03:34:35 AM,26,Wednesday,7,2023
388,2nd,Yes,female,-0.1165229692840133,0.0,0.0,13.0,S,2023-08-14 02:10:27,14-August-2023 02:10:27,14/08/2023 02:10:27 AM,14,Monday,8,2023
389,2nd,No,male,0.19354695626338408,0.0,0.0,13.0,S,2023-09-18 09:56:30,18-September-2023 09:56:30,18/09/2023 09:56:30 AM,18,Monday,9,2023
390,2nd,No,male,-0.9692152645393561,0.0,0.0,73.5,S,2023-12-17 23:50:37,17-December-2023 23:50:37,17/12/2023 11:50:37 PM,17,Sunday,12,2023
391,2nd,No,male,-0.03900548789716396,0.125,0.0,27.7208,C,2023-08-23 11:20:23,23-August-2023 11:20:23,23/08/2023 11:20:23 AM,23,Wednesday,8,2023
392,2nd,Yes,female,-0.4265928948314107,0.125,0.0,27.7208,C,2023-10-23 06:48:39,23-October-2023 06:48:39,23/10/2023 06:48:39 AM,23,Monday,10,2023
393,2nd,No,male,-0.34907541344456133,0.0,0.0,31.5,S,2023-04-01 02:58:45,01-April-2023 02:58:45,01/04/2023 02:58:45 AM,1,Saturday,4,2023
394,2nd,No,male,-0.8916977831525068,0.0,0.0,73.5,S,2023-11-24 10:39:56,24-November-2023 10:39:56,24/11/2023 10:39:56 AM,24,Friday,11,2023
395,2nd,Yes,female,-0.8916977831525068,0.0,0.1111111111111111,23.0,S,2023-07-27 21:09:36,27-July-2023 21:09:36,27/07/2023 09:09:36 PM,27,Thursday,7,2023
396,2nd,Yes,female,0.3485819190370828,0.0,0.1111111111111111,23.0,S,2023-05-17 09:40:24,17-May-2023 09:40:24,17/05/2023 09:40:24 AM,17,Wednesday,5,2023
397,2nd,No,male,1.8989315467740697,0.0,0.0,26.0,S,2023-12-07 15:36:09,07-December-2023 15:36:09,07/12/2023 03:36:09 PM,7,Thursday,12,2023
398,2nd,Yes,male,-1.6668725970210003,0.0,0.2222222222222222,32.5,S,2023-03-08 10:19:55,08-March-2023 10:19:55,08/03/2023 10:19:55 AM,8,Wednesday,3,2023
399,2nd,No,male,0.9687217701318775,0.125,0.1111111111111111,32.5,S,2023-09-29 06:45:48,29-September-2023 06:45:48,29/09/2023 06:45:48 AM,29,Friday,9,2023
400,2nd,Yes,female,0.3485819190370828,0.125,0.1111111111111111,32.5,S,2023-12-24 01:26:03,24-December-2023 01:26:03,24/12/2023 01:26:03 AM,24,Sunday,12,2023
401,2nd,Yes,female,-0.19404045067086265,0.125,0.0,13.8583,C,2023-12-01 22:52:13,01-December-2023 22:52:13,01/12/2023 10:52:13 PM,1,Friday,12,2023
402,2nd,Yes,female,0.03851199348968539,0.125,0.0,13.8583,C,2023-10-30 19:32:13,30-October-2023 19:32:13,30/10/2023 07:32:13 PM,30,Monday,10,2023
403,2nd,No,male,-0.50411037621826,0.0,0.0,13.0,S,2023-05-31 06:59:48,31-May-2023 06:59:48,31/05/2023 06:59:48 AM,31,Wednesday,5,2023
404,2nd,No,male,-0.6591453389919587,0.0,0.0,13.0,S,2023-03-22 14:23:38,22-March-2023 14:23:38,22/03/2023 02:23:38 PM,22,Wednesday,3,2023
405,2nd,No,male,-0.8916977831525068,0.0,0.0,13.0,S,2023-11-14 18:08:36,14-November-2023 18:08:36,14/11/2023 06:08:36 PM,14,Tuesday,11,2023
406,2nd,No,male,0.8136868073581789,0.125,0.0,26.0,S,2023-09-09 18:15:28,09-September-2023 18:15:28,09/09/2023 06:15:28 PM,9,Saturday,9,2023
407,2nd,Yes,female,-0.03900548789716396,0.125,0.0,26.0,S,2023-04-21 06:49:18,21-April-2023 06:49:18,21/04/2023 06:49:18 AM,21,Friday,4,2023
408,2nd,No,male,-0.8916977831525068,0.0,0.0,10.5,S,2023-01-17 13:51:38,17-January-2023 13:51:38,17/01/2023 01:51:38 PM,17,Tuesday,1,2023
409,2nd,No,male,0.5036168818107815,0.0,0.0,13.0,S,2023-11-12 06:34:11,12-November-2023 06:34:11,12/11/2023 06:34:11 AM,12,Sunday,11,2023
410,2nd,No,male,-0.1165229692840133,0.0,0.0,0.0,S,2023-11-28 19:49:27,28-November-2023 19:49:27,28/11/2023 07:49:27 PM,28,Tuesday,11,2023
411,2nd,No,female,0.6586518445844802,0.0,0.0,13.0,S,2023-10-30 08:40:02,30-October-2023 08:40:02,30/10/2023 08:40:02 AM,30,Monday,10,2023
412,2nd,No,male,0.42609940042393213,0.0,0.0,26.0,S,2023-03-25 14:49:01,25-March-2023 14:49:01,25/03/2023 02:49:01 PM,25,Saturday,3,2023
413,2nd,No,male,0.6586518445844802,0.125,0.0,21.0,S,2023-10-08 07:27:09,08-October-2023 07:27:09,08/10/2023 07:27:09 AM,8,Sunday,10,2023
414,2nd,No,male,0.3485819190370828,0.125,0.0,21.0,S,2023-06-19 06:38:03,19-June-2023 06:38:03,19/06/2023 06:38:03 AM,19,Monday,6,2023
415,2nd,Yes,female,0.3485819190370828,0.0,0.0,13.0,S,2023-12-21 04:38:43,21-December-2023 04:38:43,21/12/2023 04:38:43 AM,21,Thursday,12,2023
416,2nd,No,male,-1.0467327459262055,0.0,0.0,26.0,S,2023-04-21 01:51:55,21-April-2023 01:51:55,21/04/2023 01:51:55 AM,21,Friday,4,2023
417,2nd,No,male,-0.271557932057712,0.0,0.0,10.5,S,2023-06-04 07:38:08,04-June-2023 07:38:08,04/06/2023 07:38:08 AM,4,Sunday,6,2023
418,2nd,No,male,1.3563091770661244,0.0,0.0,10.5,S,2023-09-08 21:29:26,08-September-2023 21:29:26,08/09/2023 09:29:26 PM,8,Friday,9,2023
419,2nd,No,male,-0.6591453389919587,0.125,0.0,11.5,S,2023-04-30 08:57:18,30-April-2023 08:57:18,30/04/2023 08:57:18 AM,30,Sunday,4,2023
420,2nd,No,male,-0.6591453389919587,0.125,0.0,11.5,S,2023-08-18 02:06:20,18-August-2023 02:06:20,18/08/2023 02:06:20 AM,18,Friday,8,2023
421,2nd,No,male,-0.4265928948314107,0.0,0.0,13.5,S,2023-08-19 23:55:40,19-August-2023 23:55:40,19/08/2023 11:55:40 PM,19,Saturday,8,2023
422,2nd,No,male,-0.4265928948314107,0.0,0.0,13.0,S,2023-03-23 04:50:14,23-March-2023 04:50:14,23/03/2023 04:50:14 AM,23,Thursday,3,2023
423,2nd,No,male,0.3485819190370828,0.0,0.0,13.0,S,2023-11-07 05:21:55,07-November-2023 05:21:55,07/11/2023 05:21:55 AM,7,Tuesday,11,2023
424,2nd,No,male,0.03851199348968539,0.0,0.0,13.0,S,2023-07-29 02:54:41,29-July-2023 02:54:41,29/07/2023 02:54:41 AM,29,Saturday,7,2023
425,2nd,No,male,1.743896584000371,0.0,0.0,13.0,S,2023-01-08 17:32:30,08-January-2023 17:32:30,08/01/2023 05:32:30 PM,8,Sunday,1,2023
426,2nd,No,male,0.03851199348968539,0.0,0.0,13.0,S,2023-12-12 17:38:03,12-December-2023 17:38:03,12/12/2023 05:38:03 PM,12,Tuesday,12,2023
427,2nd,Yes,male,-2.2353315432751826,0.125,0.1111111111111111,14.5,S,2023-04-21 17:28:24,21-April-2023 17:28:24,21/04/2023 05:28:24 PM,21,Friday,4,2023
428,2nd,Yes,female,-0.4265928948314107,0.0,0.2222222222222222,14.5,S,2023-04-07 14:50:06,07-April-2023 14:50:06,07/04/2023 02:50:06 PM,7,Friday,4,2023
429,2nd,No,male,1.1237567329055762,0.0,0.0,13.0,S,2023-01-22 21:19:58,22-January-2023 21:19:58,22/01/2023 09:19:58 PM,22,Sunday,1,2023
430,2nd,Yes,female,-1.821907559794699,0.0,0.1111111111111111,33.0,S,2023-12-29 14:12:13,29-December-2023 14:12:13,29/12/2023 02:12:13 PM,29,Friday,12,2023
431,2nd,No,male,-0.1165229692840133,0.0,0.1111111111111111,33.0,S,2023-09-22 07:19:27,22-September-2023 07:19:27,22/09/2023 07:19:27 AM,22,Friday,9,2023
432,2nd,Yes,male,2.5190713978688644,0.0,0.0,10.5,S,2023-09-03 22:26:41,03-September-2023 22:26:41,03/09/2023 10:26:41 PM,3,Sunday,9,2023
433,2nd,No,male,0.03851199348968539,0.0,0.0,10.5,S,2023-03-09 16:31:04,09-March-2023 16:31:04,09/03/2023 04:31:04 PM,9,Thursday,3,2023
434,2nd,Yes,female,-1.7443900784078497,0.0,0.2222222222222222,26.25,S,2023-11-05 13:32:49,05-November-2023 13:32:49,05/11/2023 01:32:49 PM,5,Sunday,11,2023
435,2nd,No,male,1.0462392515187269,0.125,0.1111111111111111,26.25,S,2023-12-08 05:14:07,08-December-2023 05:14:07,08/12/2023 05:14:07 AM,8,Friday,12,2023
436,2nd,Yes,female,1.2012742142924255,0.125,0.1111111111111111,26.25,S,2023-05-09 19:59:56,09-May-2023 19:59:56,09/05/2023 07:59:56 PM,9,Tuesday,5,2023
437,2nd,Yes,female,-0.4265928948314107,0.125,0.2222222222222222,65.0,S,2023-09-16 05:28:35,16-September-2023 05:28:35,16/09/2023 05:28:35 AM,16,Saturday,9,2023
438,2nd,Yes,female,-0.4265928948314107,0.125,0.2222222222222222,65.0,S,2023-07-16 19:47:08,16-July-2023 19:47:08,16/07/2023 07:47:08 PM,16,Sunday,7,2023
439,2nd,No,male,1.511344139839823,0.125,0.2222222222222222,65.0,S,2023-11-22 16:41:33,22-November-2023 16:41:33,22/11/2023 04:41:33 PM,22,Wednesday,11,2023
440,2nd,Yes,female,1.4338266584529737,0.125,0.2222222222222222,65.0,S,2023-01-05 11:07:24,05-January-2023 11:07:24,05/01/2023 11:07:24 AM,5,Thursday,1,2023
441,2nd,Yes,female,1.976449028160919,0.0,0.0,16.0,S,2023-03-02 19:08:40,02-March-2023 19:08:40,02/03/2023 07:08:40 PM,2,Thursday,3,2023
442,2nd,No,male,-0.4265928948314107,0.25,0.0,73.5,S,2023-12-24 04:14:03,24-December-2023 04:14:03,24/12/2023 04:14:03 AM,24,Sunday,12,2023
443,2nd,No,male,0.19354695626338408,0.25,0.0,73.5,S,2023-12-22 19:46:35,22-December-2023 19:46:35,22/12/2023 07:46:35 PM,22,Friday,12,2023
444,2nd,No,male,-0.6591453389919587,0.25,0.0,73.5,S,2023-10-05 10:35:25,05-October-2023 10:35:25,05/10/2023 10:35:25 AM,5,Thursday,10,2023
445,2nd,No,female,-0.8916977831525068,0.125,0.1111111111111111,13.0,S,2023-03-25 23:38:10,25-March-2023 23:38:10,25/03/2023 11:38:10 PM,25,Saturday,3,2023
446,2nd,Yes,female,-0.7366628203788081,0.25,0.1111111111111111,23.0,S,2023-11-18 12:04:57,18-November-2023 12:04:57,18/11/2023 12:04:57 PM,18,Saturday,11,2023
447,2nd,No,male,-0.50411037621826,0.25,0.1111111111111111,11.5,S,2023-07-28 16:20:04,28-July-2023 16:20:04,28/07/2023 04:20:04 PM,28,Friday,7,2023
448,2nd,No,male,0.5036168818107815,0.0,0.0,13.0,S,2023-09-01 01:53:46,01-September-2023 01:53:46,01/09/2023 01:53:46 AM,1,Friday,9,2023
449,2nd,Yes,female,1.8989315467740697,0.125,0.3333333333333333,23.0,S,2023-07-25 01:08:23,25-July-2023 01:08:23,25/07/2023 01:08:23 AM,25,Tuesday,7,2023
450,2nd,No,male,1.5888616212266724,0.0,0.0,13.0,S,2023-11-22 05:15:04,22-November-2023 05:15:04,22/11/2023 05:15:04 AM,22,Wednesday,11,2023
451,2nd,No,male,1.1237567329055762,0.125,0.0,26.0,S,2023-11-07 19:54:04,07-November-2023 19:54:04,07/11/2023 07:54:04 PM,7,Tuesday,11,2023
452,2nd,Yes,female,-0.03900548789716396,0.125,0.0,26.0,S,2023-07-28 06:10:38,28-July-2023 06:10:38,28/07/2023 06:10:38 AM,28,Friday,7,2023
453,2nd,No,male,-0.6591453389919587,0.0,0.0,73.5,S,2023-03-18 00:24:50,18-March-2023 00:24:50,18/03/2023 12:24:50 AM,18,Saturday,3,2023
454,2nd,Yes,male,0.9687217701318775,0.0,0.0,13.0,S,2023-02-19 18:14:54,19-February-2023 18:14:54,19/02/2023 06:14:54 PM,19,Sunday,2,2023
455,2nd,No,male,2.5965888792557137,0.125,0.0,26.0,S,2023-09-04 22:18:20,04-September-2023 22:18:20,04/09/2023 10:18:20 PM,4,Monday,9,2023
456,2nd,No,female,2.3640364350951657,0.125,0.0,26.0,S,2023-04-21 10:37:47,21-April-2023 10:37:47,21/04/2023 10:37:47 AM,21,Friday,4,2023
457,2nd,No,male,0.2710644376502334,0.0,0.0,12.275,S,2023-10-24 23:49:51,24-October-2023 23:49:51,24/10/2023 11:49:51 PM,24,Tuesday,10,2023
458,2nd,Yes,female,-0.9692152645393561,0.0,0.0,10.5,S,2023-01-14 13:27:00,14-January-2023 13:27:00,14/01/2023 01:27:00 PM,14,Saturday,1,2023
459,2nd,No,male,0.9687217701318775,0.125,0.0,27.0,S,2023-08-12 02:02:42,12-August-2023 02:02:42,12/08/2023 02:02:42 AM,12,Saturday,8,2023
460,2nd,Yes,female,-0.4265928948314107,0.25,0.1111111111111111,27.0,S,2023-07-05 07:39:28,05-July-2023 07:39:28,05/07/2023 07:39:28 AM,5,Wednesday,7,2023
461,2nd,No,male,1.3563091770661244,0.0,0.0,15.0,S,2023-08-31 23:37:17,31-August-2023 23:37:17,31/08/2023 11:37:17 PM,31,Thursday,8,2023
462,2nd,No,male,-0.4265928948314107,0.25,0.0,31.5,S,2023-02-24 17:41:37,24-February-2023 17:41:37,24/02/2023 05:41:37 PM,24,Friday,2,2023
463,2nd,No,male,-0.5816278576051094,0.25,0.0,31.5,S,2023-01-04 14:07:36,04-January-2023 14:07:36,04/01/2023 02:07:36 PM,4,Wednesday,1,2023
464,2nd,No,male,0.19354695626338408,0.0,0.0,10.5,S,2023-07-17 23:18:46,17-July-2023 23:18:46,17/07/2023 11:18:46 PM,17,Monday,7,2023
465,2nd,Yes,female,-0.50411037621826,0.0,0.0,13.7917,C,2023-05-14 06:44:24,14-May-2023 06:44:24,14/05/2023 06:44:24 AM,14,Sunday,5,2023
466,2nd,No,male,0.3485819190370828,0.125,0.0,26.0,S,2023-04-02 23:13:35,02-April-2023 23:13:35,02/04/2023 11:13:35 PM,2,Sunday,4,2023
467,2nd,Yes,female,-0.4265928948314107,0.125,0.0,26.0,S,2023-05-28 10:26:14,28-May-2023 10:26:14,28/05/2023 10:26:14 AM,28,Sunday,5,2023
468,2nd,No,female,-0.5816278576051094,0.0,0.0,21.0,S,2023-01-06 13:00:33,06-January-2023 13:00:33,06/01/2023 01:00:33 PM,6,Friday,1,2023
469,2nd,Yes,female,-0.1165229692840133,0.0,0.0,12.35,Q,2023-12-05 13:01:42,05-December-2023 13:01:42,05/12/2023 01:01:42 PM,5,Tuesday,12,2023
470,2nd,No,male,0.42609940042393213,0.0,0.0,12.35,Q,2023-04-23 23:01:31,23-April-2023 23:01:31,23/04/2023 11:01:31 PM,23,Sunday,4,2023
471,2nd,Yes,female,1.2012742142924255,0.0,0.0,13.5,S,2023-02-14 04:17:33,14-February-2023 04:17:33,14/02/2023 04:17:33 AM,14,Tuesday,2,2023
472,2nd,No,male,2.1314839909346177,0.0,0.0,12.35,Q,2023-02-06 19:12:52,06-February-2023 19:12:52,06/02/2023 07:12:52 PM,6,Monday,2,2023
473,2nd,No,male,-0.1165229692840133,0.0,0.0,0.0,S,2023-08-28 21:09:35,28-August-2023 21:09:35,28/08/2023 09:09:35 PM,28,Monday,8,2023
474,2nd,No,male,0.11602947487653474,0.0,0.0,10.5,S,2023-10-17 14:06:40,17-October-2023 14:06:40,17/10/2023 02:06:40 PM,17,Tuesday,10,2023
475,2nd,No,female,-0.271557932057712,0.125,0.1111111111111111,26.0,S,2023-12-08 19:41:32,08-December-2023 19:41:32,08/12/2023 07:41:32 PM,8,Friday,12,2023
476,2nd,No,male,0.03851199348968539,0.125,0.1111111111111111,26.0,S,2023-08-04 14:30:46,04-August-2023 14:30:46,04/08/2023 02:30:46 PM,4,Friday,8,2023
477,2nd,No,male,-0.1165229692840133,0.0,0.0,10.7083,Q,2023-10-03 05:47:40,03-October-2023 05:47:40,03/10/2023 05:47:40 AM,3,Tuesday,10,2023
478,2nd,Yes,female,-2.2094949667289456,0.125,0.2222222222222222,41.5792,C,2023-12-23 04:39:28,23-December-2023 04:39:28,23/12/2023 04:39:28 AM,23,Saturday,12,2023
479,2nd,Yes,female,-2.054460003955247,0.125,0.2222222222222222,41.5792,C,2023-02-24 23:50:26,24-February-2023 23:50:26,24/02/2023 11:50:26 PM,24,Friday,2,2023
480,2nd,No,male,-0.34907541344456133,0.125,0.2222222222222222,41.5792,C,2023-05-08 06:14:45,08-May-2023 06:14:45,08/05/2023 06:14:45 AM,8,Monday,5,2023
481,2nd,Yes,female,-0.5816278576051094,0.125,0.2222222222222222,41.5792,C,2023-10-28 03:34:08,28-October-2023 03:34:08,28/10/2023 03:34:08 AM,28,Saturday,10,2023
482,2nd,Yes,female,-0.9692152645393561,0.0,0.0,12.0,C,2023-11-25 18:36:49,25-November-2023 18:36:49,25/11/2023 06:36:49 PM,25,Saturday,11,2023
483,2nd,Yes,female,-0.1165229692840133,0.0,0.0,33.0,S,2023-04-28 08:34:36,28-April-2023 08:34:36,28/04/2023 08:34:36 AM,28,Friday,4,2023
484,2nd,Yes,female,0.3485819190370828,0.0,0.0,10.5,S,2023-06-21 10:46:06,21-June-2023 10:46:06,21/06/2023 10:46:06 AM,21,Wednesday,6,2023
485,2nd,No,male,0.5036168818107815,0.0,0.0,12.875,C,2023-05-20 20:10:53,20-May-2023 20:10:53,20/05/2023 08:10:53 PM,20,Saturday,5,2023
486,2nd,No,male,-0.4265928948314107,0.0,0.0,10.5,S,2023-07-03 02:27:17,03-July-2023 02:27:17,03/07/2023 02:27:17 AM,3,Monday,7,2023
487,2nd,No,male,2.441553916482015,0.0,0.0,12.35,Q,2023-10-26 13:56:27,26-October-2023 13:56:27,26/10/2023 01:56:27 PM,26,Thursday,10,2023
488,2nd,No,male,1.5888616212266724,0.125,0.0,26.0,S,2023-02-28 22:26:53,28-February-2023 22:26:53,28/02/2023 10:26:53 PM,28,Tuesday,2,2023
489,2nd,Yes,female,0.9687217701318775,0.125,0.0,26.0,S,2023-11-02 08:01:09,02-November-2023 08:01:09,02/11/2023 08:01:09 AM,2,Thursday,11,2023
490,2nd,No,female,2.1314839909346177,0.0,0.0,10.5,S,2023-09-30 04:33:09,30-September-2023 04:33:09,30/09/2023 04:33:09 AM,30,Saturday,9,2023
491,2nd,No,male,-0.1165229692840133,0.0,0.0,15.0458,C,2023-07-10 04:25:15,10-July-2023 04:25:15,10/07/2023 04:25:15 AM,10,Monday,7,2023
492,2nd,Yes,male,-2.2094949667289456,0.0,0.2222222222222222,37.0042,C,2023-04-10 17:27:46,10-April-2023 17:27:46,10/04/2023 05:27:46 PM,10,Monday,4,2023
493,2nd,No,male,0.11602947487653474,0.125,0.1111111111111111,37.0042,C,2023-04-30 13:07:14,30-April-2023 13:07:14,30/04/2023 01:07:14 PM,30,Sunday,4,2023
494,2nd,Yes,female,-0.4265928948314107,0.125,0.1111111111111111,37.0042,C,2023-03-21 18:57:29,21-March-2023 18:57:29,21/03/2023 06:57:29 PM,21,Tuesday,3,2023
495,2nd,No,male,-0.1165229692840133,0.0,0.0,15.5792,C,2023-12-31 15:24:47,31-December-2023 15:24:47,31/12/2023 03:24:47 PM,31,Sunday,12,2023
496,2nd,No,male,0.03851199348968539,0.0,0.0,13.0,S,2023-12-26 10:35:02,26-December-2023 10:35:02,26/12/2023 10:35:02 AM,26,Tuesday,12,2023
497,2nd,No,male,0.8136868073581789,0.0,0.0,16.0,S,2023-07-29 06:58:55,29-July-2023 06:58:55,29/07/2023 06:58:55 AM,29,Saturday,7,2023
498,2nd,No,male,0.19354695626338408,0.0,0.0,13.5,S,2023-07-16 16:17:18,16-July-2023 16:17:18,16/07/2023 04:17:18 PM,16,Sunday,7,2023
499,2nd,No,male,0.03851199348968539,0.0,0.0,13.0,S,2023-02-03 23:58:33,03-February-2023 23:58:33,03/02/2023 11:58:33 PM,3,Friday,2,2023
500,2nd,No,male,1.278791695679275,0.0,0.0,26.0,S,2023-09-09 18:49:01,09-September-2023 18:49:01,09/09/2023 06:49:01 PM,9,Saturday,9,2023
501,2nd,Yes,female,-1.2792851900867535,0.0,0.1111111111111111,19.5,S,2023-06-11 12:05:22,11-June-2023 12:05:22,11/06/2023 12:05:22 PM,11,Sunday,6,2023
502,2nd,Yes,female,0.8912042887450282,0.0,0.1111111111111111,19.5,S,2023-04-01 04:28:00,01-April-2023 04:28:00,01/04/2023 04:28:00 AM,1,Saturday,4,2023
503,2nd,Yes,male,-0.8141803017656575,0.0,0.0,10.5,S,2023-07-10 09:38:14,10-July-2023 09:38:14,10/07/2023 09:38:14 AM,10,Monday,7,2023
504,2nd,No,male,0.7361693259713296,0.0,0.0,13.0,S,2023-05-06 23:34:39,06-May-2023 23:34:39,06/05/2023 11:34:39 PM,6,Saturday,5,2023
505,2nd,No,male,1.4338266584529737,0.0,0.0,13.0,S,2023-03-08 13:40:01,08-March-2023 13:40:01,08/03/2023 01:40:01 PM,8,Wednesday,3,2023
506,2nd,No,male,3.139211248963659,0.0,0.0,10.5,S,2023-08-18 07:42:03,18-August-2023 07:42:03,18/08/2023 07:42:03 AM,18,Friday,8,2023
507,2nd,No,male,-0.19404045067086265,0.0,0.0,13.0,S,2023-01-13 07:04:46,13-January-2023 07:04:46,13/01/2023 07:04:46 AM,13,Friday,1,2023
508,2nd,No,male,1.8989315467740697,0.0,0.0,14.0,S,2023-07-16 01:53:47,16-July-2023 01:53:47,16/07/2023 01:53:47 AM,16,Sunday,7,2023
509,2nd,No,male,0.7361693259713296,0.0,0.0,26.0,S,2023-10-01 11:15:52,01-October-2023 11:15:52,01/10/2023 11:15:52 AM,1,Sunday,10,2023
510,2nd,No,male,-1.0467327459262055,0.0,0.0,10.5,S,2023-03-25 09:22:25,25-March-2023 09:22:25,25/03/2023 09:22:25 AM,25,Saturday,3,2023
511,2nd,No,male,2.5190713978688644,0.0,0.0,9.6875,Q,2023-04-06 23:10:18,06-April-2023 23:10:18,06/04/2023 11:10:18 PM,6,Thursday,4,2023
512,2nd,No,male,0.23230569695680878,0.125,0.0,30.0708,C,2023-07-16 07:11:32,16-July-2023 07:11:32,16/07/2023 07:11:32 AM,16,Sunday,7,2023
513,2nd,Yes,female,-1.2017677086999041,0.125,0.0,30.0708,C,2023-08-05 03:55:57,05-August-2023 03:55:57,05/08/2023 03:55:57 AM,5,Saturday,8,2023
514,2nd,Yes,male,-2.1319774853420963,0.125,0.1111111111111111,26.0,S,2023-04-08 06:48:26,08-April-2023 06:48:26,08/04/2023 06:48:26 AM,8,Saturday,4,2023
515,2nd,Yes,male,-2.054460003955247,0.125,0.1111111111111111,26.0,S,2023-08-30 23:27:10,30-August-2023 23:27:10,30/08/2023 11:27:10 PM,30,Wednesday,8,2023
516,2nd,No,male,0.5423756225042061,0.0,0.2222222222222222,26.0,S,2023-02-06 22:22:31,06-February-2023 22:22:31,06/02/2023 10:22:31 PM,6,Monday,2,2023
517,2nd,No,male,-0.271557932057712,0.0,0.0,13.0,S,2023-12-29 02:45:19,29-December-2023 02:45:19,29/12/2023 02:45:19 AM,29,Friday,12,2023
518,2nd,No,male,-0.8141803017656575,0.125,0.1111111111111111,36.75,S,2023-08-23 05:12:57,23-August-2023 05:12:57,23/08/2023 05:12:57 AM,23,Wednesday,8,2023
519,2nd,No,male,-0.1165229692840133,0.0,0.0,13.5,S,2023-01-04 04:56:40,04-January-2023 04:56:40,04/01/2023 04:56:40 AM,4,Wednesday,1,2023
520,2nd,Yes,male,-0.7366628203788081,0.0,0.0,13.8625,C,2023-07-19 01:10:24,19-July-2023 01:10:24,19/07/2023 01:10:24 AM,19,Wednesday,7,2023
521,2nd,Yes,female,-0.03900548789716396,0.0,0.0,10.5,S,2023-10-25 14:02:35,25-October-2023 14:02:35,25/10/2023 02:02:35 PM,25,Wednesday,10,2023
522,2nd,No,male,0.7361693259713296,0.0,0.0,13.0,S,2023-10-27 06:08:24,27-October-2023 06:08:24,27/10/2023 06:08:24 AM,27,Friday,10,2023
523,2nd,Yes,male,-0.5816278576051094,0.0,0.0,10.5,S,2023-06-22 12:21:39,22-June-2023 12:21:39,22/06/2023 12:21:39 PM,22,Thursday,6,2023
524,2nd,Yes,male,-0.1165229692840133,0.0,0.0,13.8625,C,2023-09-21 23:10:50,21-September-2023 23:10:50,21/09/2023 11:10:50 PM,21,Thursday,9,2023
525,2nd,No,male,-0.50411037621826,0.0,0.0,10.5,S,2023-10-09 01:08:23,09-October-2023 01:08:23,09/10/2023 01:08:23 AM,9,Monday,10,2023
526,2nd,Yes,male,-0.03900548789716396,0.0,0.0,13.8583,C,2023-09-11 14:19:55,11-September-2023 14:19:55,11/09/2023 02:19:55 PM,11,Monday,9,2023
527,2nd,No,male,-0.1165229692840133,0.0,0.0,10.5,S,2023-08-10 21:59:19,10-August-2023 21:59:19,10/08/2023 09:59:19 PM,10,Thursday,8,2023
528,2nd,No,male,-0.1165229692840133,0.0,0.0,0.0,S,2023-01-07 15:09:29,07-January-2023 15:09:29,07/01/2023 03:09:29 PM,7,Saturday,1,2023
529,2nd,Yes,female,1.5888616212266724,0.0,0.1111111111111111,26.0,S,2023-10-17 08:10:27,17-October-2023 08:10:27,17/10/2023 08:10:27 AM,17,Tuesday,10,2023
530,2nd,No,male,-0.8141803017656575,0.0,0.0,10.5,S,2023-03-16 01:24:42,16-March-2023 01:24:42,16/03/2023 01:24:42 AM,16,Thursday,3,2023
531,2nd,No,male,-0.1165229692840133,0.0,0.0,15.05,C,2023-12-14 07:34:26,14-December-2023 07:34:26,14/12/2023 07:34:26 AM,14,Thursday,12,2023
532,2nd,No,male,0.8912042887450282,0.0,0.0,13.0,S,2023-11-27 21:03:46,27-November-2023 21:03:46,27/11/2023 09:03:46 PM,27,Monday,11,2023
533,2nd,Yes,female,-0.6591453389919587,0.0,0.1111111111111111,21.0,S,2023-11-05 22:07:56,05-November-2023 22:07:56,05/11/2023 10:07:56 PM,5,Sunday,11,2023
534,2nd,Yes,female,-0.8141803017656575,0.0,0.0,26.0,S,2023-11-29 16:17:50,29-November-2023 16:17:50,29/11/2023 04:17:50 PM,29,Wednesday,11,2023
535,2nd,No,male,1.0462392515187269,0.0,0.1111111111111111,21.0,S,2023-05-07 09:44:59,07-May-2023 09:44:59,07/05/2023 09:44:59 AM,7,Sunday,5,2023
536,2nd,Yes,female,0.19354695626338408,0.0,0.0,13.0,S,2023-05-05 04:14:34,05-May-2023 04:14:34,05/05/2023 04:14:34 AM,5,Friday,5,2023
537,2nd,No,male,0.3485819190370828,0.0,0.0,13.0,S,2023-12-13 08:55:45,13-December-2023 08:55:45,13/12/2023 08:55:45 AM,13,Wednesday,12,2023
538,2nd,Yes,male,0.03851199348968539,0.0,0.0,12.7375,C,2023-02-06 12:10:57,06-February-2023 12:10:57,06/02/2023 12:10:57 PM,6,Monday,2,2023
539,2nd,No,male,-0.19404045067086265,0.0,0.0,15.0333,C,2023-05-02 11:41:59,02-May-2023 11:41:59,02/05/2023 11:41:59 AM,2,Tuesday,5,2023
540,2nd,Yes,female,-2.1319774853420963,0.125,0.1111111111111111,26.0,S,2023-02-13 00:31:38,13-February-2023 00:31:38,13/02/2023 12:31:38 AM,13,Monday,2,2023
541,2nd,Yes,female,-1.6668725970210003,0.125,0.1111111111111111,26.0,S,2023-01-14 02:41:04,14-January-2023 02:41:04,14/01/2023 02:41:04 AM,14,Saturday,1,2023
542,2nd,Yes,female,0.2710644376502334,0.0,0.2222222222222222,26.0,S,2023-03-25 02:13:16,25-March-2023 02:13:16,25/03/2023 02:13:16 AM,25,Saturday,3,2023
543,2nd,No,male,0.5036168818107815,0.0,0.0,10.5,S,2023-03-09 21:18:08,09-March-2023 21:18:08,09/03/2023 09:18:08 PM,9,Thursday,3,2023
544,2nd,No,male,0.3485819190370828,0.125,0.0,21.0,S,2023-07-07 15:33:02,07-July-2023 15:33:02,07/07/2023 03:33:02 PM,7,Friday,7,2023
545,2nd,Yes,female,0.03851199348968539,0.375,0.0,21.0,S,2023-04-12 05:27:39,12-April-2023 05:27:39,12/04/2023 05:27:39 AM,12,Wednesday,4,2023
546,2nd,Yes,female,-0.1165229692840133,0.0,0.0,13.0,S,2023-07-07 16:14:37,07-July-2023 16:14:37,07/07/2023 04:14:37 PM,7,Friday,7,2023
547,2nd,No,male,-0.50411037621826,0.0,0.0,15.0458,C,2023-07-22 05:15:20,22-July-2023 05:15:20,22/07/2023 05:15:20 AM,22,Saturday,7,2023
548,2nd,Yes,male,-2.2224171308761336,0.125,0.1111111111111111,18.75,S,2023-07-04 09:01:56,04-July-2023 09:01:56,04/07/2023 09:01:56 AM,4,Tuesday,7,2023
549,2nd,Yes,male,-2.054460003955247,0.125,0.1111111111111111,18.75,S,2023-11-05 09:45:48,05-November-2023 09:45:48,05/11/2023 09:45:48 AM,5,Sunday,11,2023
550,2nd,Yes,female,-0.4265928948314107,0.25,0.3333333333333333,18.75,S,2023-07-27 02:01:34,27-July-2023 02:01:34,27/07/2023 02:01:34 AM,27,Thursday,7,2023
551,2nd,Yes,female,1.5888616212266724,0.0,0.0,10.5,S,2023-03-11 18:38:43,11-March-2023 18:38:43,11/03/2023 06:38:43 PM,11,Saturday,3,2023
552,2nd,No,male,-0.8141803017656575,0.0,0.0,10.5,S,2023-10-26 07:52:53,26-October-2023 07:52:53,26/10/2023 07:52:53 AM,26,Thursday,10,2023
553,2nd,Yes,female,-0.6591453389919587,0.0,0.0,10.5,S,2023-06-13 02:23:58,13-June-2023 02:23:58,13/06/2023 02:23:58 AM,13,Tuesday,6,2023
554,2nd,No,male,-0.271557932057712,0.0,0.0,13.0,S,2023-05-27 05:40:24,27-May-2023 05:40:24,27/05/2023 05:40:24 AM,27,Saturday,5,2023
555,2nd,No,male,-0.34907541344456133,0.0,0.0,13.0,S,2023-03-27 00:14:53,27-March-2023 00:14:53,27/03/2023 12:14:53 AM,27,Monday,3,2023
556,2nd,No,male,-0.19404045067086265,0.0,0.0,26.0,S,2023-03-07 11:23:29,07-March-2023 11:23:29,07/03/2023 11:23:29 AM,7,Tuesday,3,2023
557,2nd,Yes,female,-0.34907541344456133,0.0,0.1111111111111111,26.0,S,2023-12-05 12:26:31,05-December-2023 12:26:31,05/12/2023 12:26:31 PM,5,Tuesday,12,2023
558,2nd,Yes,female,-0.8916977831525068,0.0,0.2222222222222222,13.0,S,2023-08-03 03:55:19,03-August-2023 03:55:19,03/08/2023 03:55:19 AM,3,Thursday,8,2023
559,2nd,Yes,female,-0.7366628203788081,0.0,0.0,36.75,S,2023-08-06 18:14:05,06-August-2023 18:14:05,06/08/2023 06:14:05 PM,6,Sunday,8,2023
560,2nd,Yes,female,0.03851199348968539,0.0,0.0,13.0,S,2023-01-10 05:08:35,10-January-2023 05:08:35,10/01/2023 05:08:35 AM,10,Tuesday,1,2023
561,2nd,No,male,2.2865189537083164,0.0,0.0,13.5,S,2023-04-24 10:31:48,24-April-2023 10:31:48,24/04/2023 10:31:48 AM,24,Monday,4,2023
562,2nd,Yes,female,0.03851199348968539,0.0,0.0,12.35,Q,2023-03-23 08:31:45,23-March-2023 08:31:45,23/03/2023 08:31:45 AM,23,Thursday,3,2023
563,2nd,No,male,0.42609940042393213,0.0,0.0,10.5,S,2023-01-11 12:37:46,11-January-2023 12:37:46,11/01/2023 12:37:46 PM,11,Wednesday,1,2023
564,2nd,Yes,female,0.8136868073581789,0.0,0.0,13.0,S,2023-02-02 13:31:24,02-February-2023 13:31:24,02/02/2023 01:31:24 PM,2,Thursday,2,2023
565,2nd,No,male,-0.34907541344456133,0.0,0.0,13.0,S,2023-06-23 06:00:29,23-June-2023 06:00:29,23/06/2023 06:00:29 AM,23,Friday,6,2023
566,2nd,No,male,0.8912042887450282,0.0,0.0,15.0458,C,2023-12-06 06:09:46,06-December-2023 06:09:46,06/12/2023 06:09:46 AM,6,Wednesday,12,2023
567,2nd,No,male,-0.34907541344456133,0.0,0.0,10.5,S,2023-11-07 22:13:55,07-November-2023 22:13:55,07/11/2023 10:13:55 PM,7,Tuesday,11,2023
568,2nd,No,male,-0.8529390424590821,0.0,0.0,13.0,S,2023-02-14 16:54:07,14-February-2023 16:54:07,14/02/2023 04:54:07 PM,14,Tuesday,2,2023
569,2nd,No,male,-1.2017677086999041,0.0,0.0,65.0,S,2023-02-12 00:26:46,12-February-2023 00:26:46,12/02/2023 12:26:46 AM,12,Sunday,2,2023
570,2nd,Yes,female,1.5888616212266724,0.0,0.0,10.5,S,2023-11-17 12:36:16,17-November-2023 12:36:16,17/11/2023 12:36:16 PM,17,Friday,11,2023
571,2nd,No,male,-0.50411037621826,0.0,0.0,13.0,S,2023-07-14 12:56:38,14-July-2023 12:56:38,14/07/2023 12:56:38 PM,14,Friday,7,2023
572,2nd,Yes,female,-0.1165229692840133,0.0,0.0,12.65,S,2023-01-31 05:45:04,31-January-2023 05:45:04,31/01/2023 05:45:04 AM,31,Tuesday,1,2023
573,2nd,Yes,female,-0.19404045067086265,0.0,0.0,10.5,S,2023-11-13 02:09:10,13-November-2023 02:09:10,13/11/2023 02:09:10 AM,13,Monday,11,2023
574,2nd,No,male,-0.03900548789716396,0.125,0.0,21.0,S,2023-06-13 18:53:12,13-June-2023 18:53:12,13/06/2023 06:53:12 PM,13,Tuesday,6,2023
575,2nd,No,female,-0.19404045067086265,0.125,0.0,21.0,S,2023-01-22 08:56:34,22-January-2023 08:56:34,22/01/2023 08:56:34 AM,22,Sunday,1,2023
576,2nd,No,male,0.8136868073581789,0.0,0.0,13.0,S,2023-06-13 11:11:52,13-June-2023 11:11:52,13/06/2023 11:11:52 AM,13,Tuesday,6,2023
577,2nd,Yes,female,0.11602947487653474,0.0,0.0,21.0,S,2023-08-03 19:32:32,03-August-2023 19:32:32,03/08/2023 07:32:32 PM,3,Thursday,8,2023
578,2nd,No,male,0.03851199348968539,0.125,0.0,21.0,S,2023-06-07 01:01:23,07-June-2023 01:01:23,07/06/2023 01:01:23 AM,7,Wednesday,6,2023
579,2nd,No,male,-0.50411037621826,0.125,0.0,10.5,S,2023-07-23 03:54:57,23-July-2023 03:54:57,23/07/2023 03:54:57 AM,23,Sunday,7,2023
580,2nd,Yes,female,0.11602947487653474,0.0,0.0,21.0,S,2023-05-31 23:27:50,31-May-2023 23:27:50,31/05/2023 11:27:50 PM,31,Wednesday,5,2023
581,2nd,No,male,-0.1165229692840133,0.0,0.0,0.0,S,2023-04-06 14:31:03,06-April-2023 14:31:03,06/04/2023 02:31:03 PM,6,Thursday,4,2023
582,2nd,Yes,female,-1.356802671473603,0.0,0.0,15.75,S,2023-09-29 15:36:33,29-September-2023 15:36:33,29/09/2023 03:36:33 PM,29,Friday,9,2023
583,2nd,Yes,female,0.8136868073581789,0.0,0.0,15.75,S,2023-04-24 02:20:56,24-April-2023 02:20:56,24/04/2023 02:20:56 AM,24,Monday,4,2023
584,2nd,Yes,female,0.23230569695680878,0.0,0.0,13.0,S,2023-10-15 18:52:52,15-October-2023 18:52:52,15/10/2023 06:52:52 PM,15,Sunday,10,2023
585,2nd,No,male,-0.19404045067086265,0.125,0.0,26.0,S,2023-08-01 07:55:41,01-August-2023 07:55:41,01/08/2023 07:55:41 AM,1,Tuesday,8,2023
586,2nd,Yes,female,-0.03900548789716396,0.125,0.0,26.0,S,2023-08-31 10:15:05,31-August-2023 10:15:05,31/08/2023 10:15:05 AM,31,Thursday,8,2023
587,2nd,Yes,male,-2.1319774853420963,0.125,0.1111111111111111,23.0,S,2023-11-30 19:25:40,30-November-2023 19:25:40,30/11/2023 07:25:40 PM,30,Thursday,11,2023
588,2nd,Yes,female,-1.9769425225683976,0.125,0.1111111111111111,23.0,S,2023-03-16 03:44:38,16-March-2023 03:44:38,16/03/2023 03:44:38 AM,16,Thursday,3,2023
589,2nd,Yes,female,-0.03900548789716396,0.0,0.2222222222222222,23.0,S,2023-10-02 01:54:09,02-October-2023 01:54:09,02/10/2023 01:54:09 AM,2,Monday,10,2023
590,2nd,Yes,female,-2.2159521729284704,0.125,0.2222222222222222,27.75,S,2023-06-25 03:42:55,25-June-2023 03:42:55,25/06/2023 03:42:55 AM,25,Sunday,6,2023
591,2nd,Yes,female,-1.8994250411815483,0.125,0.2222222222222222,27.75,S,2023-09-14 12:33:47,14-September-2023 12:33:47,14/09/2023 12:33:47 PM,14,Thursday,9,2023
592,2nd,No,male,0.5036168818107815,0.125,0.2222222222222222,27.75,S,2023-08-01 00:23:44,01-August-2023 00:23:44,01/08/2023 12:23:44 AM,1,Tuesday,8,2023
593,2nd,Yes,female,0.2710644376502334,0.125,0.2222222222222222,27.75,S,2023-06-08 11:30:11,08-June-2023 11:30:11,08/06/2023 11:30:11 AM,8,Thursday,6,2023
594,2nd,No,male,2.8291413234162617,0.0,0.0,10.5,S,2023-08-22 18:39:50,22-August-2023 18:39:50,22/08/2023 06:39:50 PM,22,Tuesday,8,2023
595,2nd,No,male,-0.1165229692840133,0.0,0.0,12.875,S,2023-10-05 04:17:06,05-October-2023 04:17:06,05/10/2023 04:17:06 AM,5,Thursday,10,2023
596,2nd,Yes,male,0.11602947487653474,0.0,0.0,13.0,S,2023-11-15 23:14:20,15-November-2023 23:14:20,15/11/2023 11:14:20 PM,15,Wednesday,11,2023
597,2nd,Yes,male,-0.1165229692840133,0.0,0.0,13.0,S,2023-09-20 10:16:54,20-September-2023 10:16:54,20/09/2023 10:16:54 AM,20,Wednesday,9,2023
598,2nd,Yes,female,-0.271557932057712,0.0,0.0,13.5,S,2023-06-24 10:59:07,24-June-2023 10:59:07,24/06/2023 10:59:07 AM,24,Saturday,6,2023
599,2nd,No,female,-0.4265928948314107,0.0,0.0,13.0,S,2023-02-08 05:35:27,08-February-2023 05:35:27,08/02/2023 05:35:27 AM,8,Wednesday,2,2023
600,3rd,No,male,0.9687217701318775,0.0,0.0,7.55,S,2023-04-15 17:31:52,15-April-2023 17:31:52,15/04/2023 05:31:52 PM,15,Saturday,4,2023
601,3rd,No,male,-1.2792851900867535,0.0,0.2222222222222222,20.25,S,2023-08-15 22:17:40,15-August-2023 22:17:40,15/08/2023 10:17:40 PM,15,Tuesday,8,2023
602,3rd,No,male,-1.0467327459262055,0.125,0.1111111111111111,20.25,S,2023-06-09 04:42:36,09-June-2023 04:42:36,09/06/2023 04:42:36 AM,9,Friday,6,2023
603,3rd,Yes,female,0.42609940042393213,0.125,0.1111111111111111,20.25,S,2023-09-11 16:46:05,11-September-2023 16:46:05,11/09/2023 04:46:05 PM,11,Monday,9,2023
604,3rd,Yes,female,-1.0467327459262055,0.0,0.0,7.65,S,2023-08-17 05:39:15,17-August-2023 05:39:15,17/08/2023 05:39:15 AM,17,Thursday,8,2023
605,3rd,Yes,male,-0.34907541344456133,0.0,0.0,7.65,S,2023-03-12 07:29:18,12-March-2023 07:29:18,12/03/2023 07:29:18 AM,12,Sunday,3,2023
606,3rd,Yes,male,-0.7366628203788081,0.0,0.0,7.925,S,2023-09-18 07:34:51,18-September-2023 07:34:51,18/09/2023 07:34:51 AM,18,Monday,9,2023
607,3rd,Yes,female,-0.8916977831525068,0.0,0.0,7.2292,C,2023-05-29 13:38:07,29-May-2023 13:38:07,29/05/2023 01:38:07 PM,29,Monday,5,2023
608,3rd,No,male,0.03851199348968539,0.0,0.0,7.25,S,2023-12-30 05:51:44,30-December-2023 05:51:44,30/12/2023 05:51:44 AM,30,Saturday,12,2023
609,3rd,No,male,-0.271557932057712,0.0,0.0,8.05,S,2023-03-20 01:51:20,20-March-2023 01:51:20,20/03/2023 01:51:20 AM,20,Monday,3,2023
610,3rd,No,female,0.8136868073581789,0.125,0.0,9.475,S,2023-07-28 16:31:56,28-July-2023 16:31:56,28/07/2023 04:31:56 PM,28,Friday,7,2023
611,3rd,Yes,male,-2.2224171308761336,0.0,0.1111111111111111,9.35,S,2023-03-23 11:46:05,23-March-2023 11:46:05,23/03/2023 11:46:05 AM,23,Thursday,3,2023
612,3rd,Yes,female,-0.8916977831525068,0.0,0.1111111111111111,9.35,S,2023-07-08 01:34:27,08-July-2023 01:34:27,08/07/2023 01:34:27 AM,8,Saturday,7,2023
613,3rd,Yes,male,-0.271557932057712,0.0,0.0,18.7875,C,2023-03-22 02:42:59,22-March-2023 02:42:59,22/03/2023 02:42:59 AM,22,Wednesday,3,2023
614,3rd,No,male,-0.271557932057712,0.0,0.0,7.8875,S,2023-07-20 10:05:26,20-July-2023 10:05:26,20/07/2023 10:05:26 AM,20,Thursday,7,2023
615,3rd,No,male,-0.7366628203788081,0.0,0.0,7.925,S,2023-06-09 07:38:53,09-June-2023 07:38:53,09/06/2023 07:38:53 AM,9,Friday,6,2023
616,3rd,No,male,-0.4265928948314107,0.0,0.0,7.05,S,2023-05-22 19:02:26,22-May-2023 19:02:26,22/05/2023 07:02:26 PM,22,Monday,5,2023
617,3rd,No,male,-0.34907541344456133,0.0,0.0,7.05,S,2023-04-26 03:40:19,26-April-2023 03:40:19,26/04/2023 03:40:19 AM,26,Wednesday,4,2023
618,3rd,No,male,0.42609940042393213,0.0,0.0,8.05,S,2023-04-15 04:26:25,15-April-2023 04:26:25,15/04/2023 04:26:25 AM,15,Saturday,4,2023
619,3rd,No,male,-0.8916977831525068,0.0,0.0,8.3,S,2023-06-26 18:25:53,26-June-2023 18:25:53,26/06/2023 06:25:53 PM,26,Monday,6,2023
620,3rd,No,male,0.19354695626338408,0.0,0.0,22.525,S,2023-10-01 07:26:25,01-October-2023 07:26:25,01/10/2023 07:26:25 AM,1,Sunday,10,2023
621,3rd,Yes,female,-0.8141803017656575,0.125,0.0,7.8542,S,2023-12-27 08:09:44,27-December-2023 08:09:44,27/12/2023 08:09:44 AM,27,Wednesday,12,2023
622,3rd,No,male,-1.9769425225683976,0.5,0.2222222222222222,31.275,S,2023-09-23 10:53:04,23-September-2023 10:53:04,23/09/2023 10:53:04 AM,23,Saturday,9,2023
623,3rd,No,female,-1.821907559794699,0.5,0.2222222222222222,31.275,S,2023-05-08 12:29:50,08-May-2023 12:29:50,08/05/2023 12:29:50 PM,8,Monday,5,2023
624,3rd,No,female,-2.1319774853420963,0.5,0.2222222222222222,31.275,S,2023-06-04 14:21:10,04-June-2023 14:21:10,04/06/2023 02:21:10 PM,4,Sunday,6,2023
625,3rd,Yes,female,-0.9692152645393561,0.5,0.2222222222222222,7.925,S,2023-05-09 09:12:27,09-May-2023 09:12:27,09/05/2023 09:12:27 AM,9,Tuesday,5,2023
626,3rd,No,female,0.6586518445844802,0.5,0.2222222222222222,7.775,S,2023-06-25 04:18:45,25-June-2023 04:18:45,25/06/2023 04:18:45 AM,25,Sunday,6,2023
627,3rd,No,female,-1.589355115634151,0.5,0.2222222222222222,31.275,S,2023-06-12 10:01:37,12-June-2023 10:01:37,12/06/2023 10:01:37 AM,12,Monday,6,2023
628,3rd,No,female,-1.4343201528604523,0.5,0.2222222222222222,31.275,S,2023-10-24 19:41:59,24-October-2023 19:41:59,24/10/2023 07:41:59 PM,24,Tuesday,10,2023
629,3rd,No,male,0.7361693259713296,0.125,0.5555555555555556,31.275,S,2023-02-24 16:17:50,24-February-2023 16:17:50,24/02/2023 04:17:50 PM,24,Friday,2,2023
630,3rd,Yes,male,-0.19404045067086265,0.0,0.0,7.7958,S,2023-04-16 01:14:24,16-April-2023 01:14:24,16/04/2023 01:14:24 AM,16,Sunday,4,2023
631,3rd,No,male,-0.271557932057712,0.0,0.0,7.775,S,2023-10-14 21:45:11,14-October-2023 21:45:11,14/10/2023 09:45:11 PM,14,Saturday,10,2023
632,3rd,No,female,0.7361693259713296,0.125,0.5555555555555556,31.275,S,2023-05-01 11:14:46,01-May-2023 11:14:46,01/05/2023 11:14:46 AM,1,Monday,5,2023
633,3rd,No,male,-0.7366628203788081,0.0,0.0,7.8542,S,2023-05-15 08:15:56,15-May-2023 08:15:56,15/05/2023 08:15:56 AM,15,Monday,5,2023
634,3rd,No,male,-0.271557932057712,0.0,0.0,7.8958,S,2023-09-14 00:39:14,14-September-2023 00:39:14,14/09/2023 12:39:14 AM,14,Thursday,9,2023
635,3rd,No,male,-0.34907541344456133,0.125,0.0,17.8,S,2023-04-07 20:48:35,07-April-2023 20:48:35,07/04/2023 08:48:35 PM,7,Friday,4,2023
636,3rd,No,female,-0.8916977831525068,0.125,0.0,17.8,S,2023-02-23 07:58:51,23-February-2023 07:58:51,23/02/2023 07:58:51 AM,23,Thursday,2,2023
637,3rd,No,male,-0.4265928948314107,0.0,0.0,7.775,S,2023-02-20 05:39:04,20-February-2023 05:39:04,20/02/2023 05:39:04 AM,20,Monday,2,2023
638,3rd,No,male,0.42609940042393213,0.0,0.0,7.05,S,2023-11-22 04:33:28,22-November-2023 04:33:28,22/11/2023 04:33:28 AM,22,Wednesday,11,2023
639,3rd,No,male,-1.8994250411815483,0.5,0.2222222222222222,31.3875,S,2023-07-27 04:38:09,27-July-2023 04:38:09,27/07/2023 04:38:09 AM,27,Thursday,7,2023
640,3rd,No,male,-1.589355115634151,0.5,0.2222222222222222,31.3875,S,2023-08-14 23:43:45,14-August-2023 23:43:45,14/08/2023 11:43:45 PM,14,Monday,8,2023
641,3rd,Yes,male,-2.054460003955247,0.5,0.2222222222222222,31.3875,S,2023-09-20 17:32:33,20-September-2023 17:32:33,20/09/2023 05:32:33 PM,20,Wednesday,9,2023
642,3rd,No,male,-1.2792851900867535,0.5,0.2222222222222222,31.3875,S,2023-06-29 13:14:29,29-June-2023 13:14:29,29/06/2023 01:14:29 PM,29,Thursday,6,2023
643,3rd,Yes,female,-1.8994250411815483,0.5,0.2222222222222222,31.3875,S,2023-04-25 17:36:31,25-April-2023 17:36:31,25/04/2023 05:36:31 PM,25,Tuesday,4,2023
644,3rd,No,male,0.8136868073581789,0.125,0.5555555555555556,31.3875,S,2023-09-11 12:48:32,11-September-2023 12:48:32,11/09/2023 12:48:32 PM,11,Monday,9,2023
645,3rd,Yes,male,-0.50411037621826,0.0,0.0,7.7958,S,2023-08-17 16:07:11,17-August-2023 16:07:11,17/08/2023 04:07:11 PM,17,Thursday,8,2023
646,3rd,Yes,female,0.6586518445844802,0.125,0.5555555555555556,31.3875,S,2023-01-15 10:09:01,15-January-2023 10:09:01,15/01/2023 10:09:01 AM,15,Sunday,1,2023
647,3rd,Yes,female,1.2012742142924255,0.0,0.0,7.225,C,2023-07-30 20:19:10,30-July-2023 20:19:10,30/07/2023 08:19:10 PM,30,Sunday,7,2023
648,3rd,No,male,-0.6591453389919587,0.0,0.0,7.225,C,2023-01-29 23:14:19,29-January-2023 23:14:19,29/01/2023 11:14:19 PM,29,Sunday,1,2023
649,3rd,No,male,-0.50411037621826,0.0,0.0,7.05,S,2023-01-31 23:41:35,31-January-2023 23:41:35,31/01/2023 11:41:35 PM,31,Tuesday,1,2023
650,3rd,No,female,-0.9692152645393561,0.0,0.0,14.4583,C,2023-11-23 11:46:07,23-November-2023 11:46:07,23/11/2023 11:46:07 AM,23,Thursday,11,2023
651,3rd,No,male,0.03851199348968539,0.0,0.0,7.225,C,2023-10-02 07:57:07,02-October-2023 07:57:07,02/10/2023 07:57:07 AM,2,Monday,10,2023
652,3rd,No,male,-0.50411037621826,0.0,0.0,7.8542,S,2023-08-06 06:51:58,06-August-2023 06:51:58,06/08/2023 06:51:58 AM,6,Sunday,8,2023
653,3rd,Yes,female,-1.2792851900867535,0.0,0.0,7.2292,C,2023-11-11 09:38:55,11-November-2023 09:38:55,11/11/2023 09:38:55 AM,11,Saturday,11,2023
654,3rd,No,male,-0.7366628203788081,0.0,0.0,7.225,C,2023-07-03 02:40:10,03-July-2023 02:40:10,03/07/2023 02:40:10 AM,3,Monday,7,2023
655,3rd,No,male,0.19354695626338408,0.125,0.0,15.85,S,2023-12-03 16:30:02,03-December-2023 16:30:02,03/12/2023 04:30:02 PM,3,Sunday,12,2023
656,3rd,Yes,female,0.2710644376502334,0.375,0.0,15.85,S,2023-10-20 19:31:42,20-October-2023 19:31:42,20/10/2023 07:31:42 PM,20,Friday,10,2023
657,3rd,Yes,female,-2.2288743370756583,0.25,0.1111111111111111,19.2583,C,2023-12-03 05:00:25,03-December-2023 05:00:25,03/12/2023 05:00:25 AM,3,Sunday,12,2023
658,3rd,Yes,female,-2.2288743370756583,0.25,0.1111111111111111,19.2583,C,2023-05-26 03:07:27,26-May-2023 03:07:27,26/05/2023 03:07:27 AM,26,Friday,5,2023
659,3rd,Yes,female,-1.8994250411815483,0.25,0.1111111111111111,19.2583,C,2023-08-14 02:19:54,14-August-2023 02:19:54,14/08/2023 02:19:54 AM,14,Monday,8,2023
660,3rd,Yes,female,-0.4265928948314107,0.0,0.3333333333333333,19.2583,C,2023-05-08 01:03:13,08-May-2023 01:03:13,08/05/2023 01:03:13 AM,8,Monday,5,2023
661,3rd,Yes,female,-0.8916977831525068,0.0,0.0,8.05,S,2023-11-07 18:37:59,07-November-2023 18:37:59,07/11/2023 06:37:59 PM,7,Tuesday,11,2023
662,3rd,No,male,0.8136868073581789,0.0,0.0,7.225,C,2023-08-14 01:10:42,14-August-2023 01:10:42,14/08/2023 01:10:42 AM,14,Monday,8,2023
663,3rd,No,male,-0.271557932057712,0.0,0.0,7.8958,S,2023-11-06 00:57:13,06-November-2023 00:57:13,06/11/2023 12:57:13 AM,6,Monday,11,2023
664,3rd,Yes,male,-0.7366628203788081,0.0,0.0,7.2292,C,2023-06-21 23:59:19,21-June-2023 23:59:19,21/06/2023 11:59:19 PM,21,Wednesday,6,2023
665,3rd,No,female,-0.8916977831525068,0.0,0.1111111111111111,14.4542,C,2023-01-11 01:56:51,11-January-2023 01:56:51,11/01/2023 01:56:51 AM,11,Wednesday,1,2023
666,3rd,No,female,1.2012742142924255,0.0,0.1111111111111111,14.4542,C,2023-01-29 14:22:35,29-January-2023 14:22:35,29/01/2023 02:22:35 PM,29,Sunday,1,2023
667,3rd,No,female,-0.19404045067086265,0.0,0.0,7.8792,Q,2023-08-28 09:58:57,28-August-2023 09:58:57,28/08/2023 09:58:57 AM,28,Monday,8,2023
668,3rd,No,male,-0.5816278576051094,0.0,0.0,8.05,S,2023-09-07 22:10:43,07-September-2023 22:10:43,07/09/2023 10:10:43 PM,7,Thursday,9,2023
669,3rd,No,male,-0.8141803017656575,0.0,0.0,8.05,S,2023-10-27 20:50:07,27-October-2023 20:50:07,27/10/2023 08:50:07 PM,27,Friday,10,2023
670,3rd,No,male,-0.271557932057712,0.0,0.0,7.775,S,2023-04-19 14:00:23,19-April-2023 14:00:23,19/04/2023 02:00:23 PM,19,Wednesday,4,2023
671,3rd,No,male,-0.5816278576051094,0.0,0.0,9.35,S,2023-04-27 19:12:28,27-April-2023 19:12:28,27/04/2023 07:12:28 PM,27,Thursday,4,2023
672,3rd,No,male,-0.1165229692840133,0.0,0.0,7.2292,C,2023-04-08 10:11:18,08-April-2023 10:11:18,08/04/2023 10:11:18 AM,8,Saturday,4,2023
673,3rd,No,male,-0.7366628203788081,0.0,0.0,4.0125,C,2023-03-30 18:09:13,30-March-2023 18:09:13,30/03/2023 06:09:13 PM,30,Thursday,3,2023
674,3rd,Yes,male,0.19354695626338408,0.0,0.0,56.4958,S,2023-04-10 09:38:46,10-April-2023 09:38:46,10/04/2023 09:38:46 AM,10,Monday,4,2023
675,3rd,No,male,-0.6591453389919587,0.0,0.0,7.775,S,2023-07-22 01:15:05,22-July-2023 01:15:05,22/07/2023 01:15:05 AM,22,Saturday,7,2023
676,3rd,No,male,-0.8916977831525068,0.0,0.0,7.75,S,2023-07-28 11:24:35,28-July-2023 11:24:35,28/07/2023 11:24:35 AM,28,Friday,7,2023
677,3rd,No,male,-0.271557932057712,0.0,0.0,7.8958,S,2023-04-02 02:11:05,02-April-2023 02:11:05,02/04/2023 02:11:05 AM,2,Sunday,4,2023
678,3rd,No,male,-1.821907559794699,0.125,0.1111111111111111,15.2458,C,2023-03-13 15:43:19,13-March-2023 15:43:19,13/03/2023 03:43:19 PM,13,Monday,3,2023
679,3rd,No,female,-1.589355115634151,0.125,0.1111111111111111,15.2458,C,2023-02-18 20:32:50,18-February-2023 20:32:50,18/02/2023 08:32:50 PM,18,Saturday,2,2023
680,3rd,No,male,-0.1165229692840133,0.0,0.0,7.225,C,2023-03-08 06:15:09,08-March-2023 06:15:09,08/03/2023 06:15:09 AM,8,Wednesday,3,2023
681,3rd,No,female,-0.1165229692840133,0.0,0.2222222222222222,15.2458,C,2023-10-17 13:16:45,17-October-2023 13:16:45,17/10/2023 01:16:45 PM,17,Tuesday,10,2023
682,3rd,No,female,-0.1165229692840133,0.0,0.2222222222222222,7.75,Q,2023-11-20 13:56:32,20-November-2023 13:56:32,20/11/2023 01:56:32 PM,20,Monday,11,2023
683,3rd,No,male,0.8136868073581789,0.125,0.1111111111111111,15.5,Q,2023-11-12 12:42:25,12-November-2023 12:42:25,12/11/2023 12:42:25 PM,12,Sunday,11,2023
684,3rd,No,female,0.19354695626338408,0.125,0.1111111111111111,15.5,Q,2023-02-25 06:53:20,25-February-2023 06:53:20,25/02/2023 06:53:20 AM,25,Saturday,2,2023
685,3rd,No,male,-0.6591453389919587,0.0,0.0,16.1,S,2023-11-15 14:21:03,15-November-2023 14:21:03,15/11/2023 02:21:03 PM,15,Wednesday,11,2023
686,3rd,Yes,female,-0.5816278576051094,0.0,0.0,7.725,Q,2023-11-26 06:18:51,26-November-2023 06:18:51,26/11/2023 06:18:51 AM,26,Sunday,11,2023
687,3rd,No,female,-0.7366628203788081,0.0,0.0,7.8542,S,2023-11-27 18:09:57,27-November-2023 18:09:57,27/11/2023 06:09:57 PM,27,Monday,11,2023
688,3rd,No,male,-0.03900548789716396,0.125,0.0,7.0458,S,2023-09-30 12:17:49,30-September-2023 12:17:49,30/09/2023 12:17:49 PM,30,Saturday,9,2023
689,3rd,No,male,-0.5816278576051094,0.125,0.0,7.25,S,2023-05-05 08:28:28,05-May-2023 08:28:28,05/05/2023 08:28:28 AM,5,Friday,5,2023
690,3rd,No,male,-0.5816278576051094,0.0,0.0,7.7958,S,2023-12-06 09:34:59,06-December-2023 09:34:59,06/12/2023 09:34:59 AM,6,Wednesday,12,2023
691,3rd,No,male,0.42609940042393213,0.0,0.0,8.05,S,2023-12-10 06:07:54,10-December-2023 06:07:54,10/12/2023 06:07:54 AM,10,Sunday,12,2023
692,3rd,No,female,-0.8529390424590821,0.0,0.0,7.2833,Q,2023-06-26 09:56:07,26-June-2023 09:56:07,26/06/2023 09:56:07 AM,26,Monday,6,2023
693,3rd,Yes,male,-0.6591453389919587,0.0,0.0,7.8208,Q,2023-10-13 02:25:55,13-October-2023 02:25:55,13/10/2023 02:25:55 AM,13,Friday,10,2023
694,3rd,No,male,-0.8141803017656575,0.0,0.0,6.75,Q,2023-03-27 04:58:15,27-March-2023 04:58:15,27/03/2023 04:58:15 AM,27,Monday,3,2023
695,3rd,No,female,-0.8916977831525068,0.0,0.0,7.8792,Q,2023-01-23 08:54:06,23-January-2023 08:54:06,23/01/2023 08:54:06 AM,23,Monday,1,2023
696,3rd,No,female,-0.6591453389919587,0.0,0.0,8.6625,S,2023-04-15 11:57:55,15-April-2023 11:57:55,15/04/2023 11:57:55 AM,15,Saturday,4,2023
697,3rd,No,female,0.03851199348968539,0.0,0.0,8.6625,S,2023-02-23 05:41:53,23-February-2023 05:41:53,23/02/2023 05:41:53 AM,23,Thursday,2,2023
698,3rd,No,male,-0.8916977831525068,0.0,0.0,8.6625,S,2023-07-24 05:35:10,24-July-2023 05:35:10,24/07/2023 05:35:10 AM,24,Monday,7,2023
699,3rd,No,male,0.6586518445844802,0.0,0.0,8.6625,S,2023-10-15 07:58:33,15-October-2023 07:58:33,15/10/2023 07:58:33 AM,15,Sunday,10,2023
700,3rd,No,male,-0.9692152645393561,0.0,0.0,8.6625,S,2023-06-15 20:49:39,15-June-2023 20:49:39,15/06/2023 08:49:39 PM,15,Thursday,6,2023
701,3rd,No,male,-0.9692152645393561,0.0,0.0,8.6625,S,2023-03-05 19:34:53,05-March-2023 19:34:53,05/03/2023 07:34:53 PM,5,Sunday,3,2023
702,3rd,No,female,-0.6591453389919587,0.0,0.0,7.75,Q,2023-11-01 11:27:52,01-November-2023 11:27:52,01/11/2023 11:27:52 AM,1,Wednesday,11,2023
703,3rd,No,male,-0.6591453389919587,0.0,0.0,7.75,Q,2023-05-24 20:31:52,24-May-2023 20:31:52,24/05/2023 08:31:52 PM,24,Wednesday,5,2023
704,3rd,No,male,-0.6591453389919587,0.0,0.0,8.05,S,2023-03-23 07:55:34,23-March-2023 07:55:34,23/03/2023 07:55:34 AM,23,Thursday,3,2023
705,3rd,No,male,-0.1165229692840133,0.125,0.0,14.4583,C,2023-01-24 07:39:26,24-January-2023 07:39:26,24/01/2023 07:39:26 AM,24,Tuesday,1,2023
706,3rd,No,female,-0.1165229692840133,0.125,0.0,14.4583,C,2023-08-08 22:13:14,08-August-2023 22:13:14,08/08/2023 10:13:14 PM,8,Tuesday,8,2023
707,3rd,No,male,-0.1165229692840133,0.0,0.0,7.7958,S,2023-08-12 14:33:56,12-August-2023 14:33:56,12/08/2023 02:33:56 PM,12,Saturday,8,2023
708,3rd,No,male,-0.4265928948314107,0.0,0.0,7.8542,S,2023-12-16 19:30:46,16-December-2023 19:30:46,16/12/2023 07:30:46 PM,16,Saturday,12,2023
709,3rd,Yes,female,-1.0467327459262055,0.0,0.0,7.75,Q,2023-12-20 22:42:10,20-December-2023 22:42:10,20/12/2023 10:42:10 PM,20,Wednesday,12,2023
710,3rd,No,female,0.5811343631976308,0.0,0.0,7.75,Q,2023-09-23 04:12:30,23-September-2023 04:12:30,23/09/2023 04:12:30 AM,23,Saturday,9,2023
711,3rd,No,male,-0.1165229692840133,0.0,0.0,7.25,S,2023-01-08 10:00:19,08-January-2023 10:00:19,08/01/2023 10:00:19 AM,8,Sunday,1,2023
712,3rd,No,male,-0.4265928948314107,0.0,0.0,8.05,S,2023-05-16 21:48:12,16-May-2023 21:48:12,16/05/2023 09:48:12 PM,16,Tuesday,5,2023
713,3rd,No,male,-0.6591453389919587,0.0,0.0,7.7333,Q,2023-04-11 07:09:03,11-April-2023 07:09:03,11/04/2023 07:09:03 AM,11,Tuesday,4,2023
714,3rd,Yes,male,0.19354695626338408,0.0,0.0,56.4958,S,2023-10-10 22:37:34,10-October-2023 22:37:34,10/10/2023 10:37:34 PM,10,Tuesday,10,2023
715,3rd,No,male,-0.03900548789716396,0.0,0.0,8.05,S,2023-09-10 10:31:49,10-September-2023 10:31:49,10/09/2023 10:31:49 AM,10,Sunday,9,2023
716,3rd,No,male,-0.271557932057712,0.125,0.0,14.4542,C,2023-02-26 18:42:07,26-February-2023 18:42:07,26/02/2023 06:42:07 PM,26,Sunday,2,2023
717,3rd,No,male,-0.8916977831525068,0.125,0.0,14.4542,C,2023-05-01 15:12:58,01-May-2023 15:12:58,01/05/2023 03:12:58 PM,1,Monday,5,2023
718,3rd,No,male,-0.7366628203788081,0.0,0.0,7.05,S,2023-03-03 13:47:38,03-March-2023 13:47:38,03/03/2023 01:47:38 PM,3,Friday,3,2023
719,3rd,Yes,male,-0.8916977831525068,0.0,0.0,8.05,S,2023-03-26 06:58:22,26-March-2023 06:58:22,26/03/2023 06:58:22 AM,26,Sunday,3,2023
720,3rd,No,male,-0.4265928948314107,0.0,0.0,7.25,Q,2023-09-16 08:32:02,16-September-2023 08:32:02,16/09/2023 08:32:02 AM,16,Saturday,9,2023
721,3rd,No,male,0.5036168818107815,0.0,0.0,7.4958,S,2023-12-05 21:01:15,05-December-2023 21:01:15,05/12/2023 09:01:15 PM,5,Tuesday,12,2023
722,3rd,No,male,-0.4265928948314107,0.0,0.0,7.4958,S,2023-11-28 16:12:50,28-November-2023 16:12:50,28/11/2023 04:12:50 PM,28,Tuesday,11,2023
723,3rd,No,male,0.11602947487653474,0.0,0.0,7.7333,Q,2023-10-09 16:55:45,09-October-2023 16:55:45,09/10/2023 04:55:45 PM,9,Monday,10,2023
724,3rd,No,male,0.11602947487653474,0.0,0.0,7.75,Q,2023-09-16 10:27:51,16-September-2023 10:27:51,16/09/2023 10:27:51 AM,16,Saturday,9,2023
725,3rd,Yes,female,-0.5816278576051094,0.0,0.0,7.75,Q,2023-01-17 07:58:01,17-January-2023 07:58:01,17/01/2023 07:58:01 AM,17,Tuesday,1,2023
726,3rd,No,female,0.03851199348968539,0.0,0.0,7.6292,Q,2023-09-07 02:06:58,07-September-2023 02:06:58,07/09/2023 02:06:58 AM,7,Thursday,9,2023
727,3rd,No,male,3.177969989657084,0.0,0.0,7.75,Q,2023-08-30 22:23:26,30-August-2023 22:23:26,30/08/2023 10:23:26 PM,30,Wednesday,8,2023
728,3rd,No,male,1.0462392515187269,0.0,0.0,8.05,S,2023-09-05 22:46:42,05-September-2023 22:46:42,05/09/2023 10:46:42 PM,5,Tuesday,9,2023
729,3rd,No,male,0.42609940042393213,0.0,0.0,7.8958,S,2023-08-29 16:19:29,29-August-2023 16:19:29,29/08/2023 04:19:29 PM,29,Tuesday,8,2023
730,3rd,No,male,-0.19404045067086265,0.0,0.0,7.8958,S,2023-12-29 23:26:41,29-December-2023 23:26:41,29/12/2023 11:26:41 PM,29,Friday,12,2023
731,3rd,No,male,-0.8141803017656575,0.0,0.0,7.8958,S,2023-10-26 17:57:37,26-October-2023 17:57:37,26/10/2023 05:57:37 PM,26,Thursday,10,2023
732,3rd,No,male,0.03851199348968539,0.0,0.0,8.05,S,2023-06-28 23:51:14,28-June-2023 23:51:14,28/06/2023 11:51:14 PM,28,Wednesday,6,2023
733,3rd,Yes,male,-1.589355115634151,0.125,0.1111111111111111,15.9,S,2023-01-21 18:52:55,21-January-2023 18:52:55,21/01/2023 06:52:55 PM,21,Saturday,1,2023
734,3rd,Yes,male,-2.054460003955247,0.125,0.1111111111111111,15.9,S,2023-06-16 21:03:19,16-June-2023 21:03:19,16/06/2023 09:03:19 PM,16,Friday,6,2023
735,3rd,Yes,female,0.5036168818107815,0.0,0.2222222222222222,15.9,S,2023-12-31 15:30:53,31-December-2023 15:30:53,31/12/2023 03:30:53 PM,31,Sunday,12,2023
736,3rd,No,male,2.2865189537083164,0.0,0.0,7.25,S,2023-02-15 10:17:41,15-February-2023 10:17:41,15/02/2023 10:17:41 AM,15,Wednesday,2,2023
737,3rd,No,male,-0.8141803017656575,0.0,0.0,8.1583,S,2023-09-06 01:32:48,06-September-2023 01:32:48,06/09/2023 01:32:48 AM,6,Wednesday,9,2023
738,3rd,Yes,female,-0.9692152645393561,0.0,0.1111111111111111,16.1,S,2023-04-05 05:21:21,05-April-2023 05:21:21,05/04/2023 05:21:21 AM,5,Wednesday,4,2023
739,3rd,No,male,1.1237567329055762,0.0,0.1111111111111111,16.1,S,2023-04-10 08:19:50,10-April-2023 08:19:50,10/04/2023 08:19:50 AM,10,Monday,4,2023
740,3rd,No,male,-0.9692152645393561,0.0,0.0,8.6625,S,2023-01-17 06:40:26,17-January-2023 06:40:26,17/01/2023 06:40:26 AM,17,Tuesday,1,2023
741,3rd,No,male,-0.5428691169116847,0.0,0.0,7.225,C,2023-03-09 10:56:02,09-March-2023 10:56:02,09/03/2023 10:56:02 AM,9,Thursday,3,2023
742,3rd,Yes,male,1.2012742142924255,0.0,0.0,8.05,S,2023-07-08 17:35:50,08-July-2023 17:35:50,08/07/2023 05:35:50 PM,8,Saturday,7,2023
743,3rd,No,female,-0.5816278576051094,0.0,0.0,10.5167,S,2023-05-14 22:01:37,14-May-2023 22:01:37,14/05/2023 10:01:37 PM,14,Sunday,5,2023
744,3rd,No,male,-0.8141803017656575,0.0,0.0,10.1708,S,2023-03-06 07:13:02,06-March-2023 07:13:02,06/03/2023 07:13:02 AM,6,Monday,3,2023
745,3rd,Yes,female,0.03851199348968539,0.0,0.0,6.95,Q,2023-07-15 18:26:15,15-July-2023 18:26:15,15/07/2023 06:26:15 PM,15,Saturday,7,2023
746,3rd,Yes,male,-0.03900548789716396,0.0,0.0,7.75,Q,2023-08-05 09:22:14,05-August-2023 09:22:14,05/08/2023 09:22:14 AM,5,Saturday,8,2023
747,3rd,No,male,-2.261175871569558,0.0,0.2222222222222222,14.4,S,2023-01-31 11:39:57,31-January-2023 11:39:57,31/01/2023 11:39:57 AM,31,Tuesday,1,2023
748,3rd,No,male,0.3485819190370828,0.125,0.1111111111111111,14.4,S,2023-11-20 11:48:35,20-November-2023 11:48:35,20/11/2023 11:48:35 AM,20,Monday,11,2023
749,3rd,No,female,-0.1165229692840133,0.125,0.1111111111111111,14.4,S,2023-01-22 14:19:40,22-January-2023 14:19:40,22/01/2023 02:19:40 PM,22,Sunday,1,2023
750,3rd,No,male,-0.19404045067086265,0.0,0.0,7.8958,S,2023-08-20 05:56:26,20-August-2023 05:56:26,20/08/2023 05:56:26 AM,20,Sunday,8,2023
751,3rd,No,male,-0.34907541344456133,0.0,0.0,7.8958,S,2023-05-17 04:38:20,17-May-2023 04:38:20,17/05/2023 04:38:20 AM,17,Wednesday,5,2023
752,3rd,No,male,-0.4265928948314107,0.25,0.0,24.15,S,2023-04-04 17:25:17,04-April-2023 17:25:17,04/04/2023 05:25:17 PM,4,Tuesday,4,2023
753,3rd,No,male,-0.5816278576051094,0.0,0.0,8.05,S,2023-06-12 21:28:51,12-June-2023 21:28:51,12/06/2023 09:28:51 PM,12,Monday,6,2023
754,3rd,No,male,-0.6591453389919587,0.25,0.0,24.15,S,2023-09-12 18:49:05,12-September-2023 18:49:05,12/09/2023 06:49:05 PM,12,Tuesday,9,2023
755,3rd,No,male,-0.9692152645393561,0.25,0.0,8.05,S,2023-04-23 01:47:41,23-April-2023 01:47:41,23/04/2023 01:47:41 AM,23,Sunday,4,2023
756,3rd,No,male,-0.1165229692840133,0.125,0.0,16.1,S,2023-10-28 18:12:46,28-October-2023 18:12:46,28/10/2023 06:12:46 PM,28,Saturday,10,2023
757,3rd,Yes,female,-0.1165229692840133,0.125,0.0,16.1,S,2023-08-11 16:35:02,11-August-2023 16:35:02,11/08/2023 04:35:02 PM,11,Friday,8,2023
758,3rd,Yes,male,0.5423756225042061,0.125,0.0,17.4,S,2023-09-29 20:48:59,29-September-2023 20:48:59,29/09/2023 08:48:59 PM,29,Friday,9,2023
759,3rd,Yes,female,0.5036168818107815,0.125,0.0,17.4,S,2023-11-08 15:27:09,08-November-2023 15:27:09,08/11/2023 03:27:09 PM,8,Wednesday,11,2023
760,3rd,Yes,male,0.03851199348968539,0.0,0.0,9.5,S,2023-12-13 17:17:09,13-December-2023 17:17:09,13/12/2023 05:17:09 PM,13,Wednesday,12,2023
761,3rd,No,male,-1.0467327459262055,0.0,0.0,9.5,S,2023-04-16 06:15:00,16-April-2023 06:15:00,16/04/2023 06:15:00 AM,16,Sunday,4,2023
762,3rd,Yes,male,-2.2094949667289456,0.125,0.2222222222222222,20.575,S,2023-02-25 11:31:52,25-February-2023 11:31:52,25/02/2023 11:31:52 AM,25,Saturday,2,2023
763,3rd,Yes,female,-2.2740902839686075,0.125,0.2222222222222222,20.575,S,2023-06-30 20:56:26,30-June-2023 20:56:26,30/06/2023 08:56:26 PM,30,Friday,6,2023
764,3rd,No,male,-0.271557932057712,0.125,0.2222222222222222,20.575,S,2023-01-18 12:54:16,18-January-2023 12:54:16,18/01/2023 12:54:16 PM,18,Wednesday,1,2023
765,3rd,Yes,female,0.2710644376502334,0.125,0.2222222222222222,20.575,S,2023-10-02 05:25:10,02-October-2023 05:25:10,02/10/2023 05:25:10 AM,2,Monday,10,2023
766,3rd,No,male,-0.34907541344456133,0.0,0.0,7.8958,S,2023-08-26 08:57:15,26-August-2023 08:57:15,26/08/2023 08:57:15 AM,26,Saturday,8,2023
767,3rd,No,male,-0.1165229692840133,0.0,0.0,7.8958,S,2023-05-01 05:55:55,01-May-2023 05:55:55,01/05/2023 05:55:55 AM,1,Monday,5,2023
768,3rd,No,male,-0.1165229692840133,0.0,0.0,7.8958,S,2023-07-14 15:30:58,14-July-2023 15:30:58,14/07/2023 03:30:58 PM,14,Friday,7,2023
769,3rd,No,male,-0.5816278576051094,0.0,0.0,7.25,S,2023-05-22 12:22:12,22-May-2023 12:22:12,22/05/2023 12:22:12 PM,22,Monday,5,2023
770,3rd,No,male,0.5036168818107815,0.0,0.0,7.25,S,2023-12-13 10:39:45,13-December-2023 10:39:45,13/12/2023 10:39:45 AM,13,Wednesday,12,2023
771,3rd,Yes,female,-0.8141803017656575,0.0,0.0,7.8792,Q,2023-08-11 04:29:08,11-August-2023 04:29:08,11/08/2023 04:29:08 AM,11,Friday,8,2023
772,3rd,No,male,-0.9692152645393561,0.0,0.0,7.8958,S,2023-11-20 00:33:31,20-November-2023 00:33:31,20/11/2023 12:33:31 AM,20,Monday,11,2023
773,3rd,No,male,0.9687217701318775,0.0,0.0,8.6625,S,2023-02-11 21:54:43,11-February-2023 21:54:43,11/02/2023 09:54:43 PM,11,Saturday,2,2023
774,3rd,No,male,1.0462392515187269,0.0,0.0,7.8958,S,2023-09-19 00:04:34,19-September-2023 00:04:34,19/09/2023 12:04:34 AM,19,Tuesday,9,2023
775,3rd,No,male,-0.1165229692840133,0.0,0.0,7.2292,C,2023-06-11 18:44:55,11-June-2023 18:44:55,11/06/2023 06:44:55 PM,11,Sunday,6,2023
776,3rd,No,male,0.19354695626338408,0.0,0.0,7.75,Q,2023-09-30 07:18:18,30-September-2023 07:18:18,30/09/2023 07:18:18 AM,30,Saturday,9,2023
777,3rd,Yes,male,-0.8141803017656575,0.0,0.0,8.05,S,2023-05-21 09:41:13,21-May-2023 09:41:13,21/05/2023 09:41:13 AM,21,Sunday,5,2023
778,3rd,Yes,female,0.03851199348968539,0.0,0.0,12.475,S,2023-08-24 05:49:22,24-August-2023 05:49:22,24/08/2023 05:49:22 AM,24,Thursday,8,2023
779,3rd,No,female,-0.4265928948314107,0.0,0.0,7.75,Q,2023-11-15 14:10:33,15-November-2023 14:10:33,15/11/2023 02:10:33 PM,15,Wednesday,11,2023
780,3rd,Yes,female,-0.50411037621826,0.0,0.0,8.05,S,2023-11-12 01:04:02,12-November-2023 01:04:02,12/11/2023 01:04:02 AM,12,Sunday,11,2023
781,3rd,No,male,0.2710644376502334,0.0,0.0,7.8958,C,2023-09-29 17:52:35,29-September-2023 17:52:35,29/09/2023 05:52:35 PM,29,Friday,9,2023
782,3rd,No,male,2.7516238420294123,0.0,0.0,7.75,Q,2023-09-01 21:10:40,01-September-2023 21:10:40,01/09/2023 09:10:40 PM,1,Friday,9,2023
783,3rd,Yes,male,-0.4265928948314107,0.0,0.0,7.55,S,2023-11-12 01:45:44,12-November-2023 01:45:44,12/11/2023 01:45:44 AM,12,Sunday,11,2023
784,3rd,No,male,-0.50411037621826,0.125,0.0,13.9,S,2023-01-28 18:25:50,28-January-2023 18:25:50,28/01/2023 06:25:50 PM,28,Saturday,1,2023
785,3rd,Yes,female,-0.5816278576051094,0.125,0.0,13.9,S,2023-04-17 16:02:48,17-April-2023 16:02:48,17/04/2023 04:02:48 PM,17,Monday,4,2023
786,3rd,No,male,-0.8916977831525068,0.0,0.0,7.775,S,2023-03-20 16:52:44,20-March-2023 16:52:44,20/03/2023 04:52:44 PM,20,Monday,3,2023
787,3rd,No,male,-1.0467327459262055,0.0,0.0,7.775,S,2023-07-06 12:34:39,06-July-2023 12:34:39,06/07/2023 12:34:39 PM,6,Thursday,7,2023
788,3rd,No,male,1.2012742142924255,0.0,0.0,6.975,S,2023-07-14 03:00:01,14-July-2023 03:00:01,14/07/2023 03:00:01 AM,14,Friday,7,2023
789,3rd,No,male,-0.1165229692840133,0.0,0.0,7.225,C,2023-04-09 04:56:26,09-April-2023 04:56:26,09/04/2023 04:56:26 AM,9,Sunday,4,2023
790,3rd,No,male,0.7361693259713296,0.0,0.2222222222222222,7.2292,C,2023-01-26 02:44:42,26-January-2023 02:44:42,26/01/2023 02:44:42 AM,26,Thursday,1,2023
791,3rd,No,male,-0.9692152645393561,0.125,0.1111111111111111,7.2292,C,2023-05-27 12:11:39,27-May-2023 12:11:39,27/05/2023 12:11:39 PM,27,Saturday,5,2023
792,3rd,No,male,-1.1242502273130548,0.125,0.1111111111111111,7.2292,C,2023-02-04 05:50:23,04-February-2023 05:50:23,04/02/2023 05:50:23 AM,4,Saturday,2,2023
793,3rd,No,male,1.3563091770661244,0.0,0.0,7.25,S,2023-11-24 20:56:14,24-November-2023 20:56:14,24/11/2023 08:56:14 PM,24,Friday,11,2023
794,3rd,Yes,female,-1.8994250411815483,0.0,0.0,12.475,S,2023-08-30 06:15:58,30-August-2023 06:15:58,30/08/2023 06:15:58 AM,30,Wednesday,8,2023
795,3rd,No,male,-0.1165229692840133,0.0,0.0,7.225,C,2023-12-30 04:44:50,30-December-2023 04:44:50,30/12/2023 04:44:50 AM,30,Saturday,12,2023
796,3rd,No,male,0.8524455480516036,0.0,0.0,15.1,S,2023-04-15 12:08:07,15-April-2023 12:08:07,15/04/2023 12:08:07 PM,15,Saturday,4,2023
797,3rd,No,male,0.8524455480516036,0.0,0.0,7.75,Q,2023-11-25 15:31:12,25-November-2023 15:31:12,25/11/2023 03:31:12 PM,25,Saturday,11,2023
798,3rd,Yes,male,-0.1165229692840133,0.0,0.0,7.05,S,2023-11-12 12:03:15,12-November-2023 12:03:15,12/11/2023 12:03:15 PM,12,Sunday,11,2023
799,3rd,No,male,-0.8916977831525068,0.0,0.0,7.7958,S,2023-06-24 22:44:00,24-June-2023 22:44:00,24/06/2023 10:44:00 PM,24,Saturday,6,2023
800,3rd,No,female,-0.1165229692840133,0.0,0.0,7.75,Q,2023-07-21 16:29:30,21-July-2023 16:29:30,21/07/2023 04:29:30 PM,21,Friday,7,2023
801,3rd,No,male,-0.1165229692840133,0.0,0.0,7.75,Q,2023-11-13 05:31:11,13-November-2023 05:31:11,13/11/2023 05:31:11 AM,13,Monday,11,2023
802,3rd,No,male,-0.1165229692840133,0.0,0.0,6.95,Q,2023-01-04 09:14:07,04-January-2023 09:14:07,04/01/2023 09:14:07 AM,4,Wednesday,1,2023
803,3rd,No,male,-0.271557932057712,0.0,0.0,7.8792,Q,2023-09-22 09:36:29,22-September-2023 09:36:29,22/09/2023 09:36:29 AM,22,Friday,9,2023
804,3rd,No,male,-0.1165229692840133,0.0,0.0,7.75,Q,2023-01-31 17:37:57,31-January-2023 17:37:57,31/01/2023 05:37:57 PM,31,Tuesday,1,2023
805,3rd,Yes,male,-0.1165229692840133,0.0,0.0,56.4958,S,2023-10-19 00:21:59,19-October-2023 00:21:59,19/10/2023 12:21:59 AM,19,Thursday,10,2023
806,3rd,No,female,-0.6591453389919587,0.25,0.2222222222222222,34.375,S,2023-12-16 22:52:18,16-December-2023 22:52:18,16/12/2023 10:52:18 PM,16,Saturday,12,2023
807,3rd,No,female,-1.589355115634151,0.25,0.2222222222222222,34.375,S,2023-08-07 13:05:43,07-August-2023 13:05:43,07/08/2023 01:05:43 PM,7,Monday,8,2023
808,3rd,No,male,-0.1165229692840133,0.0,0.0,8.05,S,2023-01-28 03:59:48,28-January-2023 03:59:48,28/01/2023 03:59:48 AM,28,Saturday,1,2023
809,3rd,No,male,-0.8916977831525068,0.25,0.2222222222222222,34.375,S,2023-02-15 10:58:59,15-February-2023 10:58:59,15/02/2023 10:58:59 AM,15,Wednesday,2,2023
810,3rd,No,male,-1.0467327459262055,0.125,0.3333333333333333,34.375,S,2023-01-16 15:07:52,16-January-2023 15:07:52,16/01/2023 03:07:52 PM,16,Monday,1,2023
811,3rd,No,female,1.4338266584529737,0.125,0.3333333333333333,34.375,S,2023-04-27 01:24:54,27-April-2023 01:24:54,27/04/2023 01:24:54 AM,27,Thursday,4,2023
812,3rd,No,male,-0.1165229692840133,0.0,0.0,7.75,Q,2023-10-13 10:47:42,13-October-2023 10:47:42,13/10/2023 10:47:42 AM,13,Friday,10,2023
813,3rd,No,male,-0.1165229692840133,0.0,0.0,7.25,S,2023-07-02 04:21:05,02-July-2023 04:21:05,02/07/2023 04:21:05 AM,2,Sunday,7,2023
814,3rd,No,male,-0.34907541344456133,0.0,0.0,7.7417,Q,2023-11-24 15:49:03,24-November-2023 15:49:03,24/11/2023 03:49:03 PM,24,Friday,11,2023
815,3rd,No,male,-0.1165229692840133,0.0,0.0,14.5,S,2023-10-11 03:02:08,11-October-2023 03:02:08,11/10/2023 03:02:08 AM,11,Wednesday,10,2023
816,3rd,No,male,-0.1165229692840133,0.0,0.0,7.8958,C,2023-12-21 17:31:05,21-December-2023 17:31:05,21/12/2023 05:31:05 PM,21,Thursday,12,2023
817,3rd,No,male,-0.5816278576051094,0.0,0.0,8.05,S,2023-08-04 14:55:50,04-August-2023 14:55:50,04/08/2023 02:55:50 PM,4,Friday,8,2023
818,3rd,Yes,female,-1.0467327459262055,0.0,0.0,7.7333,Q,2023-08-04 15:06:51,04-August-2023 15:06:51,04/08/2023 03:06:51 PM,4,Friday,8,2023
819,3rd,Yes,female,-0.1165229692840133,0.0,0.0,7.75,Q,2023-07-10 17:42:34,10-July-2023 17:42:34,10/07/2023 05:42:34 PM,10,Monday,7,2023
820,3rd,Yes,male,-1.589355115634151,0.0,0.2222222222222222,20.525,S,2023-06-27 08:10:08,27-June-2023 08:10:08,27/06/2023 08:10:08 AM,27,Tuesday,6,2023
821,3rd,No,male,0.2710644376502334,0.125,0.1111111111111111,20.525,S,2023-02-22 22:11:45,22-February-2023 22:11:45,22/02/2023 10:11:45 PM,22,Wednesday,2,2023
822,3rd,No,male,0.8912042887450282,0.0,0.0,7.85,S,2023-12-23 21:00:03,23-December-2023 21:00:03,23/12/2023 09:00:03 PM,23,Saturday,12,2023
823,3rd,Yes,female,0.11602947487653474,0.125,0.1111111111111111,20.525,S,2023-05-26 05:13:39,26-May-2023 05:13:39,26/05/2023 05:13:39 AM,26,Friday,5,2023
824,3rd,No,male,0.6586518445844802,0.0,0.0,7.05,S,2023-11-26 19:00:11,26-November-2023 19:00:11,26/11/2023 07:00:11 PM,26,Sunday,11,2023
825,3rd,No,male,-1.589355115634151,0.625,0.2222222222222222,46.9,S,2023-01-23 02:19:51,23-January-2023 02:19:51,23/01/2023 02:19:51 AM,23,Monday,1,2023
826,3rd,No,male,-2.2094949667289456,0.625,0.2222222222222222,46.9,S,2023-11-03 19:44:20,03-November-2023 19:44:20,03/11/2023 07:44:20 PM,3,Friday,11,2023
827,3rd,No,male,-1.4343201528604523,0.625,0.2222222222222222,46.9,S,2023-02-11 09:03:30,11-February-2023 09:03:30,11/02/2023 09:03:30 AM,11,Saturday,2,2023
828,3rd,No,female,-1.5118376342473017,0.625,0.2222222222222222,46.9,S,2023-05-18 05:16:25,18-May-2023 05:16:25,18/05/2023 05:16:25 AM,18,Thursday,5,2023
829,3rd,No,female,-1.0467327459262055,0.625,0.2222222222222222,46.9,S,2023-08-29 16:44:17,29-August-2023 16:44:17,29/08/2023 04:44:17 PM,29,Tuesday,8,2023
830,3rd,No,male,-1.2017677086999041,0.625,0.2222222222222222,46.9,S,2023-05-26 21:22:51,26-May-2023 21:22:51,26/05/2023 09:22:51 PM,26,Friday,5,2023
831,3rd,No,male,0.8136868073581789,0.125,0.6666666666666666,46.9,S,2023-12-13 19:38:23,13-December-2023 19:38:23,13/12/2023 07:38:23 PM,13,Wednesday,12,2023
832,3rd,No,female,1.0462392515187269,0.125,0.6666666666666666,46.9,S,2023-11-17 10:09:58,17-November-2023 10:09:58,17/11/2023 10:09:58 AM,17,Friday,11,2023
833,3rd,No,male,1.6663791026135217,0.0,0.0,8.05,S,2023-06-05 04:51:12,05-June-2023 04:51:12,05/06/2023 04:51:12 AM,5,Monday,6,2023
834,3rd,No,male,0.19354695626338408,0.0,0.0,8.3625,S,2023-11-10 10:50:27,10-November-2023 10:50:27,10/11/2023 10:50:27 AM,10,Friday,11,2023
835,3rd,No,male,-0.1165229692840133,0.0,0.0,8.05,S,2023-06-10 21:18:55,10-June-2023 21:18:55,10/06/2023 09:18:55 PM,10,Saturday,6,2023
836,3rd,No,male,-0.7366628203788081,0.0,0.0,9.8458,S,2023-02-03 00:55:14,03-February-2023 00:55:14,03/02/2023 12:55:14 AM,3,Friday,2,2023
837,3rd,No,male,0.5811343631976308,0.25,0.0,7.925,S,2023-01-07 08:51:13,07-January-2023 08:51:13,07/01/2023 08:51:13 AM,7,Saturday,1,2023
838,3rd,No,male,-0.1165229692840133,0.25,0.0,7.925,S,2023-03-31 19:23:52,31-March-2023 19:23:52,31/03/2023 07:23:52 PM,31,Friday,3,2023
839,3rd,No,male,-0.8141803017656575,0.0,0.0,7.775,S,2023-06-29 13:05:20,29-June-2023 13:05:20,29/06/2023 01:05:20 PM,29,Thursday,6,2023
840,3rd,No,female,-0.4265928948314107,0.0,0.0,8.85,S,2023-12-18 15:25:49,18-December-2023 15:25:49,18/12/2023 03:25:49 PM,18,Monday,12,2023
841,3rd,No,female,-0.9692152645393561,0.0,0.0,7.7333,Q,2023-12-28 10:31:15,28-December-2023 10:31:15,28/12/2023 10:31:15 AM,28,Thursday,12,2023
842,3rd,No,male,-0.1165229692840133,0.125,0.0,19.9667,S,2023-08-15 16:21:44,15-August-2023 16:21:44,15/08/2023 04:21:44 PM,15,Tuesday,8,2023
843,3rd,No,male,-0.1165229692840133,0.125,0.0,19.9667,S,2023-10-01 06:11:53,01-October-2023 06:11:53,01/10/2023 06:11:53 AM,1,Sunday,10,2023
844,3rd,No,male,-0.1165229692840133,0.125,0.0,15.85,S,2023-07-24 14:44:34,24-July-2023 14:44:34,24/07/2023 02:44:34 PM,24,Monday,7,2023
845,3rd,Yes,female,-0.4265928948314107,0.125,0.0,15.85,S,2023-10-12 22:03:53,12-October-2023 22:03:53,12/10/2023 10:03:53 PM,12,Thursday,10,2023
846,3rd,No,male,-0.7366628203788081,0.0,0.0,9.5,S,2023-07-07 05:54:03,07-July-2023 05:54:03,07/07/2023 05:54:03 AM,7,Friday,7,2023
847,3rd,No,male,-0.4653516355248354,0.0,0.0,7.2292,C,2023-01-23 06:07:30,23-January-2023 06:07:30,23/01/2023 06:07:30 AM,23,Monday,1,2023
848,3rd,No,male,0.8912042887450282,0.25,0.0,14.1083,S,2023-01-27 14:20:16,27-January-2023 14:20:16,27/01/2023 02:20:16 PM,27,Friday,1,2023
849,3rd,No,male,-0.271557932057712,0.125,0.0,7.8542,S,2023-04-25 16:34:14,25-April-2023 16:34:14,25/04/2023 04:34:14 PM,25,Tuesday,4,2023
850,3rd,No,male,-0.6591453389919587,0.0,0.0,7.8542,S,2023-11-29 16:16:16,29-November-2023 16:16:16,29/11/2023 04:16:16 PM,29,Wednesday,11,2023
851,3rd,Yes,female,1.2012742142924255,0.125,0.0,14.1083,S,2023-08-21 04:23:58,21-August-2023 04:23:58,21/08/2023 04:23:58 AM,21,Monday,8,2023
852,3rd,No,female,-0.1165229692840133,0.0,0.0,7.55,S,2023-11-01 20:48:39,01-November-2023 20:48:39,01/11/2023 08:48:39 PM,1,Wednesday,11,2023
853,3rd,No,male,-0.34907541344456133,0.0,0.0,7.25,S,2023-05-11 04:51:06,11-May-2023 04:51:06,11/05/2023 04:51:06 AM,11,Thursday,5,2023
854,3rd,No,male,-0.1165229692840133,0.0,0.0,6.8583,Q,2023-09-20 02:53:05,20-September-2023 02:53:05,20/09/2023 02:53:05 AM,20,Wednesday,9,2023
855,3rd,No,male,-1.4343201528604523,0.0,0.0,18.7875,C,2023-10-07 14:03:37,07-October-2023 14:03:37,07/10/2023 02:03:37 PM,7,Saturday,10,2023
856,3rd,Yes,female,-0.1165229692840133,0.0,0.0,7.75,Q,2023-05-05 17:41:09,05-May-2023 17:41:09,05/05/2023 05:41:09 PM,5,Friday,5,2023
857,3rd,Yes,male,-0.19404045067086265,0.0,0.0,6.975,S,2023-02-20 01:15:11,20-February-2023 01:15:11,20/02/2023 01:15:11 AM,20,Monday,2,2023
858,3rd,Yes,male,-0.1165229692840133,0.0,0.0,56.4958,S,2023-08-23 06:17:40,23-August-2023 06:17:40,23/08/2023 06:17:40 AM,23,Wednesday,8,2023
859,3rd,No,female,-0.8916977831525068,0.0,0.0,6.75,Q,2023-10-19 10:56:12,19-October-2023 10:56:12,19/10/2023 10:56:12 AM,19,Thursday,10,2023
860,3rd,Yes,female,-0.271557932057712,0.0,0.0,7.925,S,2023-08-26 07:15:51,26-August-2023 07:15:51,26/08/2023 07:15:51 AM,26,Saturday,8,2023
861,3rd,No,female,-0.50411037621826,0.0,0.0,7.925,S,2023-12-05 20:35:04,05-December-2023 20:35:04,05/12/2023 08:35:04 PM,5,Tuesday,12,2023
862,3rd,Yes,female,-0.5816278576051094,0.0,0.0,8.9625,S,2023-01-26 12:57:42,26-January-2023 12:57:42,26/01/2023 12:57:42 PM,26,Thursday,1,2023
863,3rd,No,male,-0.1165229692840133,0.0,0.0,7.8958,S,2023-04-11 06:35:20,11-April-2023 06:35:20,11/04/2023 06:35:20 AM,11,Tuesday,4,2023
864,3rd,No,female,-0.1165229692840133,0.0,0.0,7.775,S,2023-03-31 17:50:36,31-March-2023 17:50:36,31/03/2023 05:50:36 PM,31,Friday,3,2023
865,3rd,No,female,-0.1165229692840133,0.0,0.0,7.75,Q,2023-04-02 15:47:00,02-April-2023 15:47:00,02/04/2023 03:47:00 PM,2,Sunday,4,2023
866,3rd,Yes,female,-2.1319774853420963,0.0,0.1111111111111111,12.2875,S,2023-02-13 13:41:47,13-February-2023 13:41:47,13/02/2023 01:41:47 PM,13,Monday,2,2023
867,3rd,Yes,female,-0.5816278576051094,0.125,0.1111111111111111,12.2875,S,2023-10-18 05:12:10,18-October-2023 05:12:10,18/10/2023 05:12:10 AM,18,Wednesday,10,2023
868,3rd,No,male,1.0462392515187269,0.0,0.0,6.45,S,2023-03-26 06:04:43,26-March-2023 06:04:43,26/03/2023 06:04:43 AM,26,Sunday,3,2023
869,3rd,No,male,-0.1165229692840133,0.0,0.0,22.525,S,2023-03-25 17:44:04,25-March-2023 17:44:04,25/03/2023 05:44:04 PM,25,Saturday,3,2023
870,3rd,Yes,female,-0.19404045067086265,0.0,0.0,7.925,S,2023-09-16 11:41:41,16-September-2023 11:41:41,16/09/2023 11:41:41 AM,16,Saturday,9,2023
871,3rd,No,male,-0.1165229692840133,0.0,0.0,7.75,Q,2023-12-15 07:23:32,15-December-2023 07:23:32,15/12/2023 07:23:32 AM,15,Friday,12,2023
872,3rd,Yes,female,-0.1165229692840133,0.0,0.0,8.05,S,2023-05-15 16:47:04,15-May-2023 16:47:04,15/05/2023 04:47:04 PM,15,Monday,5,2023
873,3rd,No,male,0.9687217701318775,0.0,0.0,7.65,S,2023-07-25 13:08:50,25-July-2023 13:08:50,25/07/2023 01:08:50 PM,25,Tuesday,7,2023
874,3rd,Yes,male,-0.1165229692840133,0.0,0.0,7.8875,S,2023-10-14 06:44:02,14-October-2023 06:44:02,14/10/2023 06:44:02 AM,14,Saturday,10,2023
875,3rd,No,male,0.03851199348968539,0.0,0.0,7.2292,C,2023-02-06 19:49:09,06-February-2023 19:49:09,06/02/2023 07:49:09 PM,6,Monday,2,2023
876,3rd,No,male,-0.1165229692840133,0.0,0.0,7.8958,S,2023-01-08 05:55:17,08-January-2023 05:55:17,08/01/2023 05:55:17 AM,8,Sunday,1,2023
877,3rd,No,female,-0.19404045067086265,0.125,0.0,7.925,S,2023-09-04 20:51:44,04-September-2023 20:51:44,04/09/2023 08:51:44 PM,4,Monday,9,2023
878,3rd,No,female,-0.34907541344456133,0.125,0.0,7.925,S,2023-08-02 10:46:29,02-August-2023 10:46:29,02/08/2023 10:46:29 AM,2,Wednesday,8,2023
879,3rd,No,male,-0.1165229692840133,0.0,0.0,7.8958,S,2023-10-19 13:10:49,19-October-2023 13:10:49,19/10/2023 01:10:49 PM,19,Thursday,10,2023
880,3rd,Yes,male,-0.03900548789716396,0.0,0.0,7.8958,C,2023-03-24 23:27:56,24-March-2023 23:27:56,24/03/2023 11:27:56 PM,24,Friday,3,2023
881,3rd,Yes,male,-0.6591453389919587,0.0,0.0,7.7958,S,2023-01-31 19:19:08,31-January-2023 19:19:08,31/01/2023 07:19:08 PM,31,Tuesday,1,2023
882,3rd,No,male,-0.1165229692840133,0.0,0.0,7.05,S,2023-01-14 19:35:34,14-January-2023 19:35:34,14/01/2023 07:35:34 PM,14,Saturday,1,2023
883,3rd,No,male,-0.7366628203788081,0.0,0.0,7.8542,S,2023-11-27 07:17:29,27-November-2023 07:17:29,27/11/2023 07:17:29 AM,27,Monday,11,2023
884,3rd,No,male,1.4338266584529737,0.0,0.0,7.8542,S,2023-11-03 17:00:04,03-November-2023 17:00:04,03/11/2023 05:00:04 PM,3,Friday,11,2023
885,3rd,No,male,-0.9692152645393561,0.125,0.0,7.0542,S,2023-08-12 04:27:52,12-August-2023 04:27:52,12/08/2023 04:27:52 AM,12,Saturday,8,2023
886,3rd,Yes,female,-0.1165229692840133,0.0,0.0,7.75,Q,2023-05-13 12:44:31,13-May-2023 12:44:31,13/05/2023 12:44:31 PM,13,Saturday,5,2023
887,3rd,Yes,male,-0.1165229692840133,0.0,0.0,8.1125,S,2023-12-03 13:28:43,03-December-2023 13:28:43,03/12/2023 01:28:43 PM,3,Sunday,12,2023
888,3rd,No,male,0.3485819190370828,0.0,0.0,6.4958,S,2023-06-22 13:08:59,22-June-2023 13:08:59,22/06/2023 01:08:59 PM,22,Thursday,6,2023
889,3rd,Yes,male,-0.271557932057712,0.0,0.0,7.775,S,2023-11-30 02:21:55,30-November-2023 02:21:55,30/11/2023 02:21:55 AM,30,Thursday,11,2023
890,3rd,No,male,-0.5816278576051094,0.0,0.0,7.7958,S,2023-01-15 15:12:51,15-January-2023 15:12:51,15/01/2023 03:12:51 PM,15,Sunday,1,2023
891,3rd,No,male,0.2710644376502334,0.0,0.0,8.6542,S,2023-07-04 03:16:47,04-July-2023 03:16:47,04/07/2023 03:16:47 AM,4,Tuesday,7,2023
892,3rd,No,male,0.11602947487653474,0.0,0.0,7.775,S,2023-03-26 17:07:02,26-March-2023 17:07:02,26/03/2023 05:07:02 PM,26,Sunday,3,2023
893,3rd,No,male,-0.03900548789716396,0.0,0.0,7.8542,S,2023-05-19 08:22:07,19-May-2023 08:22:07,19/05/2023 08:22:07 AM,19,Friday,5,2023
894,3rd,Yes,male,-1.9769425225683976,0.125,0.1111111111111111,11.1333,S,2023-02-19 13:52:08,19-February-2023 13:52:08,19/02/2023 01:52:08 PM,19,Sunday,2,2023
895,3rd,Yes,female,-2.2094949667289456,0.125,0.1111111111111111,11.1333,S,2023-08-28 23:40:02,28-August-2023 23:40:02,28/08/2023 11:40:02 PM,28,Monday,8,2023
896,3rd,No,male,1.511344139839823,0.0,0.0,0.0,S,2023-04-25 13:05:52,25-April-2023 13:05:52,25/04/2023 01:05:52 PM,25,Tuesday,4,2023
897,3rd,No,male,0.2710644376502334,0.0,0.0,7.775,S,2023-09-26 04:59:55,26-September-2023 04:59:55,26/09/2023 04:59:55 AM,26,Tuesday,9,2023
898,3rd,No,male,-0.8141803017656575,0.0,0.0,0.0,S,2023-05-22 16:00:46,22-May-2023 16:00:46,22/05/2023 04:00:46 PM,22,Monday,5,2023
899,3rd,Yes,female,-0.19404045067086265,0.0,0.2222222222222222,11.1333,S,2023-05-02 00:12:58,02-May-2023 00:12:58,02/05/2023 12:12:58 AM,2,Tuesday,5,2023
900,3rd,No,male,-0.1165229692840133,0.125,0.2222222222222222,23.45,S,2023-03-02 01:30:54,02-March-2023 01:30:54,02/03/2023 01:30:54 AM,2,Thursday,3,2023
901,3rd,No,female,-0.1165229692840133,0.125,0.2222222222222222,23.45,S,2023-04-06 09:05:50,06-April-2023 09:05:50,06/04/2023 09:05:50 AM,6,Thursday,4,2023
902,3rd,No,male,-0.1165229692840133,0.125,0.2222222222222222,23.45,S,2023-02-02 21:39:13,02-February-2023 21:39:13,02/02/2023 09:39:13 PM,2,Thursday,2,2023
903,3rd,No,female,-0.1165229692840133,0.125,0.2222222222222222,23.45,S,2023-10-16 08:50:48,16-October-2023 08:50:48,16/10/2023 08:50:48 AM,16,Monday,10,2023
904,3rd,No,male,-0.50411037621826,0.0,0.0,7.8958,S,2023-06-13 06:27:18,13-June-2023 06:27:18,13/06/2023 06:27:18 AM,13,Tuesday,6,2023
905,3rd,Yes,male,0.19354695626338408,0.0,0.0,7.8542,S,2023-02-08 15:19:33,08-February-2023 15:19:33,08/02/2023 03:19:33 PM,8,Wednesday,2,2023
906,3rd,No,male,-0.19404045067086265,0.0,0.0,7.8542,S,2023-11-13 10:04:54,13-November-2023 10:04:54,13/11/2023 10:04:54 AM,13,Monday,11,2023
907,3rd,No,female,-0.7366628203788081,0.125,0.0,9.825,S,2023-05-08 15:34:51,08-May-2023 15:34:51,08/05/2023 03:34:51 PM,8,Monday,5,2023
908,3rd,No,female,-0.6591453389919587,0.125,0.0,9.825,S,2023-08-15 09:14:48,15-August-2023 09:14:48,15/08/2023 09:14:48 AM,15,Tuesday,8,2023
909,3rd,Yes,male,0.19354695626338408,0.0,0.0,7.925,S,2023-07-21 19:17:08,21-July-2023 19:17:08,21/07/2023 07:17:08 PM,21,Friday,7,2023
910,3rd,No,male,-0.9692152645393561,0.0,0.0,7.125,S,2023-03-08 09:03:06,08-March-2023 09:03:06,08/03/2023 09:03:06 AM,8,Wednesday,3,2023
911,3rd,No,male,-0.6591453389919587,0.0,0.0,8.4333,S,2023-01-10 02:20:35,10-January-2023 02:20:35,10/01/2023 02:20:35 AM,10,Tuesday,1,2023
912,3rd,No,male,0.03851199348968539,0.0,0.0,7.8958,S,2023-03-04 02:38:48,04-March-2023 02:38:48,04/03/2023 02:38:48 AM,4,Saturday,3,2023
913,3rd,Yes,male,-0.6591453389919587,0.0,0.0,7.7958,S,2023-11-14 22:07:31,14-November-2023 22:07:31,14/11/2023 10:07:31 PM,14,Tuesday,11,2023
914,3rd,No,male,0.2710644376502334,0.0,0.0,7.8542,S,2023-03-20 10:29:18,20-March-2023 10:29:18,20/03/2023 10:29:18 AM,20,Monday,3,2023
915,3rd,No,male,-0.5816278576051094,0.0,0.0,7.5208,S,2023-08-22 04:51:35,22-August-2023 04:51:35,22/08/2023 04:51:35 AM,22,Tuesday,8,2023
916,3rd,Yes,female,-1.9769425225683976,0.0,0.1111111111111111,13.4167,C,2023-06-18 11:48:33,18-June-2023 11:48:33,18/06/2023 11:48:33 AM,18,Sunday,6,2023
917,3rd,Yes,male,0.7361693259713296,0.0,0.1111111111111111,13.4167,C,2023-01-02 07:10:49,02-January-2023 07:10:49,02/01/2023 07:10:49 AM,2,Monday,1,2023
918,3rd,No,male,-0.1165229692840133,0.0,0.0,7.2292,C,2023-06-16 07:01:49,16-June-2023 07:01:49,16/06/2023 07:01:49 AM,16,Friday,6,2023
919,3rd,No,male,-0.8529390424590821,0.0,0.0,7.2292,C,2023-01-07 15:23:15,07-January-2023 15:23:15,07/01/2023 03:23:15 PM,7,Saturday,1,2023
920,3rd,No,male,-0.1165229692840133,0.0,0.0,7.75,Q,2023-02-15 10:21:00,15-February-2023 10:21:00,15/02/2023 10:21:00 AM,15,Wednesday,2,2023
921,3rd,No,male,-0.1165229692840133,0.0,0.0,7.25,S,2023-07-19 13:44:04,19-July-2023 13:44:04,19/07/2023 01:44:04 PM,19,Wednesday,7,2023
922,3rd,Yes,female,-0.1165229692840133,0.0,0.0,7.75,Q,2023-08-14 15:13:18,14-August-2023 15:13:18,14/08/2023 03:13:18 PM,14,Monday,8,2023
923,3rd,Yes,female,-0.1165229692840133,0.0,0.0,7.75,Q,2023-09-06 22:23:02,06-September-2023 22:23:02,06/09/2023 10:23:02 PM,6,Wednesday,9,2023
924,3rd,No,male,0.38734065973050746,0.0,0.0,7.8292,Q,2023-02-26 06:36:15,26-February-2023 06:36:15,26/02/2023 06:36:15 AM,26,Sunday,2,2023
925,3rd,No,male,1.1237567329055762,0.0,0.0,8.05,S,2023-01-10 06:02:51,10-January-2023 06:02:51,10/01/2023 06:02:51 AM,10,Tuesday,1,2023
926,3rd,Yes,male,-0.1165229692840133,0.0,0.0,7.75,Q,2023-07-04 22:21:50,04-July-2023 22:21:50,04/07/2023 10:21:50 PM,4,Tuesday,7,2023
927,3rd,No,male,-0.1165229692840133,0.125,0.0,14.4542,C,2023-03-03 19:04:17,03-March-2023 19:04:17,03/03/2023 07:04:17 PM,3,Friday,3,2023
928,3rd,No,female,-0.1165229692840133,0.125,0.0,14.4542,C,2023-03-26 08:00:36,26-March-2023 08:00:36,26/03/2023 08:00:36 AM,26,Sunday,3,2023
929,3rd,No,male,-0.1165229692840133,0.125,0.0,7.75,Q,2023-05-07 06:28:50,07-May-2023 06:28:50,07/05/2023 06:28:50 AM,7,Sunday,5,2023
930,3rd,No,male,-0.1165229692840133,0.125,0.0,7.75,Q,2023-06-08 13:27:27,08-June-2023 13:27:27,08/06/2023 01:27:27 PM,8,Thursday,6,2023
931,3rd,No,male,-0.1165229692840133,0.0,0.0,7.7375,Q,2023-02-01 13:04:31,01-February-2023 13:04:31,01/02/2023 01:04:31 PM,1,Wednesday,2,2023
932,3rd,No,female,-0.5816278576051094,0.25,0.0,8.6625,S,2023-12-14 15:06:10,14-December-2023 15:06:10,14/12/2023 03:06:10 PM,14,Thursday,12,2023
933,3rd,No,male,-0.271557932057712,0.25,0.0,8.6625,S,2023-12-29 00:10:48,29-December-2023 00:10:48,29/12/2023 12:10:48 AM,29,Friday,12,2023
934,3rd,Yes,female,-1.9769425225683976,0.0,0.2222222222222222,22.025,S,2023-02-17 15:39:06,17-February-2023 15:39:06,17/02/2023 03:39:06 PM,17,Friday,2,2023
935,3rd,Yes,male,-0.03900548789716396,0.375,0.1111111111111111,22.025,S,2023-02-21 01:20:34,21-February-2023 01:20:34,21/02/2023 01:20:34 AM,21,Tuesday,2,2023
936,3rd,Yes,female,-0.271557932057712,0.125,0.1111111111111111,22.025,S,2023-08-01 11:16:13,01-August-2023 11:16:13,01/08/2023 11:16:13 AM,1,Tuesday,8,2023
937,3rd,No,female,-2.2094949667289456,0.125,0.1111111111111111,12.1833,S,2023-11-15 18:06:43,15-November-2023 18:06:43,15/11/2023 06:06:43 PM,15,Wednesday,11,2023
938,3rd,No,male,-0.8916977831525068,0.125,0.1111111111111111,7.8542,S,2023-06-09 10:02:10,09-June-2023 10:02:10,09/06/2023 10:02:10 AM,9,Friday,6,2023
939,3rd,No,female,0.5036168818107815,0.0,0.2222222222222222,12.1833,S,2023-02-18 19:18:43,18-February-2023 19:18:43,18/02/2023 07:18:43 PM,18,Saturday,2,2023
940,3rd,No,male,-0.1165229692840133,0.0,0.0,7.8958,C,2023-02-23 21:06:26,23-February-2023 21:06:26,23/02/2023 09:06:26 PM,23,Thursday,2,2023
941,3rd,Yes,male,-0.34907541344456133,0.0,0.0,7.2292,C,2023-08-14 14:31:02,14-August-2023 14:31:02,14/08/2023 02:31:02 PM,14,Monday,8,2023
942,3rd,No,male,-0.1165229692840133,0.0,0.0,7.225,C,2023-12-08 23:49:15,08-December-2023 23:49:15,08/12/2023 11:49:15 PM,8,Friday,12,2023
943,3rd,No,female,0.5811343631976308,0.0,0.0,9.5875,S,2023-05-14 01:39:56,14-May-2023 01:39:56,14/05/2023 01:39:56 AM,14,Sunday,5,2023
944,3rd,No,male,-0.1165229692840133,0.0,0.0,7.8958,S,2023-04-30 05:52:59,30-April-2023 05:52:59,30/04/2023 05:52:59 AM,30,Sunday,4,2023
945,3rd,Yes,male,-0.1165229692840133,0.0,0.0,56.4958,S,2023-12-19 01:00:32,19-December-2023 01:00:32,19/12/2023 01:00:32 AM,19,Tuesday,12,2023
946,3rd,No,male,-0.1165229692840133,0.0,0.0,56.4958,S,2023-05-11 22:33:02,11-May-2023 22:33:02,11/05/2023 10:33:02 PM,11,Thursday,5,2023
947,3rd,Yes,female,-0.5816278576051094,0.0,0.0,7.25,S,2023-05-21 03:56:58,21-May-2023 03:56:58,21/05/2023 03:56:58 AM,21,Sunday,5,2023
948,3rd,No,male,-0.1165229692840133,0.0,0.0,7.75,Q,2023-08-20 02:40:16,20-August-2023 02:40:16,20/08/2023 02:40:16 AM,20,Sunday,8,2023
949,3rd,Yes,male,-0.271557932057712,0.0,0.0,56.4958,S,2023-03-03 07:35:16,03-March-2023 07:35:16,03/03/2023 07:35:16 AM,3,Friday,3,2023
950,3rd,No,male,-0.03900548789716396,0.0,0.0,9.4833,S,2023-04-28 02:28:09,28-April-2023 02:28:09,28/04/2023 02:28:09 AM,28,Friday,4,2023
951,3rd,No,male,-0.03900548789716396,0.0,0.0,7.775,S,2023-04-04 12:46:05,04-April-2023 12:46:05,04/04/2023 12:46:05 PM,4,Tuesday,4,2023
952,3rd,No,male,-0.5816278576051094,0.0,0.0,7.775,S,2023-09-12 21:18:55,12-September-2023 21:18:55,12/09/2023 09:18:55 PM,12,Tuesday,9,2023
953,3rd,Yes,male,-0.5816278576051094,0.0,0.0,7.225,C,2023-12-01 21:26:19,01-December-2023 21:26:19,01/12/2023 09:26:19 PM,1,Friday,12,2023
954,3rd,No,male,-0.1165229692840133,0.375,0.1111111111111111,25.4667,S,2023-06-21 13:12:13,21-June-2023 13:12:13,21/06/2023 01:12:13 PM,21,Wednesday,6,2023
955,3rd,No,female,-0.1165229692840133,0.375,0.1111111111111111,25.4667,S,2023-08-14 10:36:06,14-August-2023 10:36:06,14/08/2023 10:36:06 AM,14,Monday,8,2023
956,3rd,No,female,-0.1165229692840133,0.375,0.1111111111111111,25.4667,S,2023-05-22 17:41:51,22-May-2023 17:41:51,22/05/2023 05:41:51 PM,22,Monday,5,2023
957,3rd,No,female,-0.1165229692840133,0.375,0.1111111111111111,25.4667,S,2023-07-08 09:36:26,08-July-2023 09:36:26,08/07/2023 09:36:26 AM,8,Saturday,7,2023
958,3rd,No,female,-0.1165229692840133,0.0,0.4444444444444444,25.4667,S,2023-07-14 19:35:31,14-July-2023 19:35:31,14/07/2023 07:35:31 PM,14,Friday,7,2023
959,3rd,No,male,0.19354695626338408,0.0,0.0,7.925,S,2023-01-26 12:50:24,26-January-2023 12:50:24,26/01/2023 12:50:24 PM,26,Thursday,1,2023
960,3rd,No,male,0.38734065973050746,0.0,0.0,6.4375,C,2023-10-28 02:01:52,28-October-2023 02:01:52,28/10/2023 02:01:52 AM,28,Saturday,10,2023
961,3rd,No,female,-0.1165229692840133,0.125,0.0,15.5,Q,2023-12-09 17:18:24,09-December-2023 17:18:24,09/12/2023 05:18:24 PM,9,Saturday,12,2023
962,3rd,No,male,-0.1165229692840133,0.125,0.0,15.5,Q,2023-07-04 17:26:57,04-July-2023 17:26:57,04/07/2023 05:26:57 PM,4,Tuesday,7,2023
963,3rd,No,male,0.5036168818107815,0.0,0.0,0.0,S,2023-08-20 15:21:30,20-August-2023 15:21:30,20/08/2023 03:21:30 PM,20,Sunday,8,2023
964,3rd,No,male,0.7361693259713296,0.0,0.0,24.15,S,2023-08-23 00:31:34,23-August-2023 00:31:34,23/08/2023 12:31:34 AM,23,Wednesday,8,2023
965,3rd,No,male,-0.4265928948314107,0.0,0.0,9.5,S,2023-09-10 10:08:27,10-September-2023 10:08:27,10/09/2023 10:08:27 AM,10,Sunday,9,2023
966,3rd,No,female,-0.34907541344456133,0.0,0.0,7.775,S,2023-05-27 09:35:21,27-May-2023 09:35:21,27/05/2023 09:35:21 AM,27,Saturday,5,2023
967,3rd,No,female,1.2012742142924255,0.0,0.0,7.75,S,2023-01-17 23:32:56,17-January-2023 23:32:56,17/01/2023 11:32:56 PM,17,Tuesday,1,2023
968,3rd,No,male,0.5036168818107815,0.125,0.0,15.55,S,2023-10-17 20:32:10,17-October-2023 20:32:10,17/10/2023 08:32:10 PM,17,Tuesday,10,2023
969,3rd,No,female,0.03851199348968539,0.125,0.0,15.55,S,2023-02-16 16:53:28,16-February-2023 16:53:28,16/02/2023 04:53:28 PM,16,Thursday,2,2023
970,3rd,Yes,male,-0.7366628203788081,0.125,0.0,7.925,S,2023-07-27 13:07:46,27-July-2023 13:07:46,27/07/2023 01:07:46 PM,27,Thursday,7,2023
971,3rd,No,male,-0.1165229692840133,0.0,0.0,7.8792,Q,2023-12-28 00:38:50,28-December-2023 00:38:50,28/12/2023 12:38:50 AM,28,Thursday,12,2023
972,3rd,No,male,-0.1165229692840133,0.0,0.0,56.4958,S,2023-07-07 14:49:52,07-July-2023 14:49:52,07/07/2023 02:49:52 PM,7,Friday,7,2023
973,3rd,No,male,-0.1165229692840133,0.0,0.0,7.55,S,2023-05-07 08:31:55,07-May-2023 08:31:55,07/05/2023 08:31:55 AM,7,Sunday,5,2023
974,3rd,No,male,0.03851199348968539,0.125,0.0,16.1,S,2023-06-03 02:20:56,03-June-2023 02:20:56,03/06/2023 02:20:56 AM,3,Saturday,6,2023
975,3rd,No,female,-0.271557932057712,0.125,0.0,16.1,S,2023-01-07 03:39:28,07-January-2023 03:39:28,07/01/2023 03:39:28 AM,7,Saturday,1,2023
976,3rd,No,male,-0.1165229692840133,0.0,0.0,7.8792,S,2023-08-17 00:21:18,17-August-2023 00:21:18,17/08/2023 12:21:18 AM,17,Thursday,8,2023
977,3rd,No,male,-0.6979040796853835,0.0,0.0,7.25,S,2023-11-10 09:30:49,10-November-2023 09:30:49,10/11/2023 09:30:49 AM,10,Friday,11,2023
978,3rd,Yes,male,-0.19404045067086265,0.0,0.0,8.6625,S,2023-11-22 21:07:23,22-November-2023 21:07:23,22/11/2023 09:07:23 PM,22,Wednesday,11,2023
979,3rd,No,male,1.6663791026135217,0.0,0.0,7.0542,S,2023-08-01 13:36:19,01-August-2023 13:36:19,01/08/2023 01:36:19 PM,1,Tuesday,8,2023
980,3rd,Yes,female,-0.50411037621826,0.0,0.0,7.8542,S,2023-04-30 15:08:36,30-April-2023 15:08:36,30/04/2023 03:08:36 PM,30,Sunday,4,2023
981,3rd,Yes,male,0.19354695626338408,0.0,0.0,7.5792,S,2023-09-25 10:39:18,25-September-2023 10:39:18,25/09/2023 10:39:18 AM,25,Monday,9,2023
982,3rd,No,male,-0.1165229692840133,0.0,0.0,7.8958,S,2023-08-06 20:44:54,06-August-2023 20:44:54,06/08/2023 08:44:54 PM,6,Sunday,8,2023
983,3rd,No,male,-0.1165229692840133,0.0,0.0,7.55,S,2023-09-15 00:42:37,15-September-2023 00:42:37,15/09/2023 12:42:37 AM,15,Friday,9,2023
984,3rd,Yes,female,-0.1165229692840133,0.0,0.0,7.75,Q,2023-01-20 19:20:01,20-January-2023 19:20:01,20/01/2023 07:20:01 PM,20,Friday,1,2023
985,3rd,Yes,male,-0.4265928948314107,0.0,0.0,7.1417,S,2023-12-04 04:55:41,04-December-2023 04:55:41,04/12/2023 04:55:41 AM,4,Monday,12,2023
986,3rd,No,male,-0.5816278576051094,0.0,0.0,7.125,S,2023-11-17 08:19:00,17-November-2023 08:19:00,17/11/2023 08:19:00 AM,17,Friday,11,2023
987,3rd,No,female,-0.1165229692840133,0.0,0.0,7.8792,Q,2023-03-16 14:51:22,16-March-2023 14:51:22,16/03/2023 02:51:22 PM,16,Thursday,3,2023
988,3rd,No,male,-0.1165229692840133,0.0,0.0,7.75,Q,2023-03-16 06:33:23,16-March-2023 06:33:23,16/03/2023 06:33:23 AM,16,Thursday,3,2023
989,3rd,No,male,-0.1165229692840133,0.0,0.0,8.05,S,2023-03-13 05:03:50,13-March-2023 05:03:50,13/03/2023 05:03:50 AM,13,Monday,3,2023
990,3rd,No,male,-0.03900548789716396,0.0,0.0,7.925,S,2023-08-04 09:06:54,04-August-2023 09:06:54,04/08/2023 09:06:54 AM,4,Friday,8,2023
991,3rd,Yes,male,-0.1165229692840133,0.0,0.0,7.2292,C,2023-01-01 09:30:44,01-January-2023 09:30:44,01/01/2023 09:30:44 AM,1,Sunday,1,2023
992,3rd,No,female,0.07727073418311006,0.0,0.0,7.75,Q,2023-04-14 22:55:24,14-April-2023 22:55:24,14/04/2023 10:55:24 PM,14,Friday,4,2023
993,3rd,Yes,female,-0.1165229692840133,0.0,0.0,7.7375,Q,2023-07-22 09:39:09,22-July-2023 09:39:09,22/07/2023 09:39:09 AM,22,Saturday,7,2023
994,3rd,No,male,-0.1165229692840133,0.0,0.0,7.2292,C,2023-10-26 01:30:47,26-October-2023 01:30:47,26/10/2023 01:30:47 AM,26,Thursday,10,2023
995,3rd,No,male,0.42609940042393213,0.0,0.0,7.8958,C,2023-04-26 08:56:13,26-April-2023 08:56:13,26/04/2023 08:56:13 AM,26,Wednesday,4,2023
996,3rd,No,male,0.2710644376502334,0.0,0.0,7.8958,S,2023-05-24 09:52:41,24-May-2023 09:52:41,24/05/2023 09:52:41 AM,24,Wednesday,5,2023
997,3rd,Yes,female,-0.1165229692840133,0.0,0.0,7.225,C,2023-09-07 06:09:44,07-September-2023 06:09:44,07/09/2023 06:09:44 AM,7,Thursday,9,2023
998,3rd,No,male,-0.1165229692840133,0.0,0.0,7.8958,C,2023-03-21 05:22:45,21-March-2023 05:22:45,21/03/2023 05:22:45 AM,21,Tuesday,3,2023
999,3rd,Yes,female,-0.1165229692840133,0.0,0.0,7.75,Q,2023-05-24 06:50:58,24-May-2023 06:50:58,24/05/2023 06:50:58 AM,24,Wednesday,5,2023
1000,3rd,Yes,male,-0.1165229692840133,0.0,0.0,7.75,Q,2023-03-14 19:28:16,14-March-2023 19:28:16,14/03/2023 07:28:16 PM,14,Tuesday,3,2023
1001,3rd,Yes,female,-0.1165229692840133,0.25,0.0,23.25,Q,2023-11-19 04:26:21,19-November-2023 04:26:21,19/11/2023 04:26:21 AM,19,Sunday,11,2023
1002,3rd,Yes,female,-0.1165229692840133,0.25,0.0,23.25,Q,2023-04-22 04:13:19,22-April-2023 04:13:19,22/04/2023 04:13:19 AM,22,Saturday,4,2023
1003,3rd,Yes,male,-0.1165229692840133,0.25,0.0,23.25,Q,2023-08-21 04:55:17,21-August-2023 04:55:17,21/08/2023 04:55:17 AM,21,Monday,8,2023
1004,3rd,Yes,female,-0.1165229692840133,0.0,0.0,7.7875,Q,2023-12-11 05:21:47,11-December-2023 05:21:47,11/12/2023 05:21:47 AM,11,Monday,12,2023
1005,3rd,No,male,-0.1165229692840133,0.0,0.0,15.5,Q,2023-12-03 18:26:22,03-December-2023 18:26:22,03/12/2023 06:26:22 PM,3,Sunday,12,2023
1006,3rd,Yes,female,-0.1165229692840133,0.0,0.0,7.8792,Q,2023-03-28 04:23:10,28-March-2023 04:23:10,28/03/2023 04:23:10 AM,28,Tuesday,3,2023
1007,3rd,Yes,female,-1.1242502273130548,0.0,0.0,8.0292,Q,2023-09-01 04:22:10,01-September-2023 04:22:10,01/09/2023 04:22:10 AM,1,Friday,9,2023
1008,3rd,No,female,0.42609940042393213,0.0,0.0,7.75,Q,2023-03-10 14:16:26,10-March-2023 14:16:26,10/03/2023 02:16:26 PM,10,Friday,3,2023
1009,3rd,No,male,-0.1165229692840133,0.0,0.0,7.75,Q,2023-08-25 22:17:29,25-August-2023 22:17:29,25/08/2023 10:17:29 PM,25,Friday,8,2023
1010,3rd,No,male,-0.4265928948314107,0.125,0.0,16.1,S,2023-10-23 23:11:52,23-October-2023 23:11:52,23/10/2023 11:11:52 PM,23,Monday,10,2023
1011,3rd,No,female,-0.8141803017656575,0.125,0.0,16.1,S,2023-03-24 10:39:16,24-March-2023 10:39:16,24/03/2023 10:39:16 AM,24,Friday,3,2023
1012,3rd,No,female,-0.1165229692840133,0.0,0.0,7.75,Q,2023-08-08 00:14:53,08-August-2023 00:14:53,08/08/2023 12:14:53 AM,8,Tuesday,8,2023
1013,3rd,No,female,-0.1165229692840133,0.0,0.0,8.05,S,2023-03-25 23:44:21,25-March-2023 23:44:21,25/03/2023 11:44:21 PM,25,Saturday,3,2023
1014,3rd,No,female,-0.1165229692840133,0.0,0.0,8.05,S,2023-04-30 22:33:57,30-April-2023 22:33:57,30/04/2023 10:33:57 PM,30,Sunday,4,2023
1015,3rd,No,male,2.015207768854344,0.0,0.0,8.05,S,2023-02-23 14:52:30,23-February-2023 14:52:30,23/02/2023 02:52:30 PM,23,Thursday,2,2023
1016,3rd,No,male,-0.1165229692840133,0.0,0.0,7.75,Q,2023-12-05 17:24:54,05-December-2023 17:24:54,05/12/2023 05:24:54 PM,5,Tuesday,12,2023
1017,3rd,Yes,male,-0.6591453389919587,0.0,0.0,7.775,S,2023-09-09 16:03:36,09-September-2023 16:03:36,09/09/2023 04:03:36 PM,9,Saturday,9,2023
1018,3rd,No,male,-0.1165229692840133,0.0,0.0,8.05,S,2023-12-25 02:34:06,25-December-2023 02:34:06,25/12/2023 02:34:06 AM,25,Monday,12,2023
1019,3rd,No,male,-0.4265928948314107,0.0,0.0,7.8958,S,2023-07-15 11:16:42,15-July-2023 11:16:42,15/07/2023 11:16:42 AM,15,Saturday,7,2023
1020,3rd,No,male,-0.6591453389919587,0.0,0.0,7.8958,S,2023-01-22 04:04:00,22-January-2023 04:04:00,22/01/2023 04:04:00 AM,22,Sunday,1,2023
1021,3rd,No,male,-0.1165229692840133,0.0,0.0,7.8958,S,2023-12-18 21:49:25,18-December-2023 21:49:25,18/12/2023 09:49:25 PM,18,Monday,12,2023
1022,3rd,No,male,-0.1165229692840133,0.0,0.0,7.8958,S,2023-07-15 16:59:13,15-July-2023 16:59:13,15/07/2023 04:59:13 PM,15,Saturday,7,2023
1023,3rd,Yes,female,-0.1165229692840133,0.0,0.0,7.8792,Q,2023-11-04 14:46:46,04-November-2023 14:46:46,04/11/2023 02:46:46 PM,4,Saturday,11,2023
1024,3rd,No,male,-0.34907541344456133,0.0,0.0,7.65,S,2023-10-20 07:31:27,20-October-2023 07:31:27,20/10/2023 07:31:27 AM,20,Friday,10,2023
1025,3rd,Yes,male,-1.821907559794699,0.0,0.1111111111111111,12.475,S,2023-12-12 10:58:16,12-December-2023 10:58:16,12/12/2023 10:58:16 AM,12,Tuesday,12,2023
1026,3rd,Yes,female,-0.19404045067086265,0.0,0.1111111111111111,12.475,S,2023-02-20 18:58:06,20-February-2023 18:58:06,20/02/2023 06:58:06 PM,20,Monday,2,2023
1027,3rd,No,male,-0.1165229692840133,0.0,0.0,8.05,S,2023-04-09 14:07:37,09-April-2023 14:07:37,09/04/2023 02:07:37 PM,9,Sunday,4,2023
1028,3rd,Yes,female,-0.1165229692840133,0.125,0.0,24.15,Q,2023-12-01 04:51:25,01-December-2023 04:51:25,01/12/2023 04:51:25 AM,1,Friday,12,2023
1029,3rd,No,male,-0.1165229692840133,0.125,0.0,24.15,Q,2023-05-19 14:41:01,19-May-2023 14:41:01,19/05/2023 02:41:01 PM,19,Friday,5,2023
1030,3rd,No,male,-0.1165229692840133,0.0,0.0,8.4583,Q,2023-10-15 02:00:14,15-October-2023 02:00:14,15/10/2023 02:00:14 AM,15,Sunday,10,2023
1031,3rd,No,male,0.3485819190370828,0.0,0.0,8.05,S,2023-01-07 18:50:36,07-January-2023 18:50:36,07/01/2023 06:50:36 PM,7,Saturday,1,2023
1032,3rd,No,male,-0.1165229692840133,0.0,0.0,7.75,Q,2023-06-05 13:23:47,05-June-2023 13:23:47,05/06/2023 01:23:47 PM,5,Monday,6,2023
1033,3rd,Yes,male,-0.1165229692840133,0.0,0.0,7.775,S,2023-03-08 09:12:32,08-March-2023 09:12:32,08/03/2023 09:12:32 AM,8,Wednesday,3,2023
1034,3rd,Yes,male,-0.1165229692840133,0.125,0.1111111111111111,15.2458,C,2023-03-30 20:32:57,30-March-2023 20:32:57,30/03/2023 08:32:57 PM,30,Thursday,3,2023
1035,3rd,Yes,male,-0.1165229692840133,0.125,0.1111111111111111,15.2458,C,2023-09-11 10:11:10,11-September-2023 10:11:10,11/09/2023 10:11:10 AM,11,Monday,9,2023
1036,3rd,Yes,female,-0.1165229692840133,0.0,0.2222222222222222,15.2458,C,2023-05-20 14:46:20,20-May-2023 14:46:20,20/05/2023 02:46:20 PM,20,Saturday,5,2023
1037,3rd,Yes,female,-0.1165229692840133,0.0,0.0,7.2292,C,2023-12-04 10:32:25,04-December-2023 10:32:25,04/12/2023 10:32:25 AM,4,Monday,12,2023
1038,3rd,No,male,-0.1165229692840133,0.0,0.0,8.05,S,2023-04-12 19:15:40,12-April-2023 19:15:40,12/04/2023 07:15:40 PM,12,Wednesday,4,2023
1039,3rd,Yes,female,-0.1165229692840133,0.0,0.0,7.7333,Q,2023-10-22 05:57:05,22-October-2023 05:57:05,22/10/2023 05:57:05 AM,22,Sunday,10,2023
1040,3rd,Yes,female,-0.4265928948314107,0.0,0.0,7.75,Q,2023-09-09 07:27:38,09-September-2023 07:27:38,09/09/2023 07:27:38 AM,9,Saturday,9,2023
1041,3rd,No,male,-0.1165229692840133,0.0,0.0,8.05,S,2023-09-23 00:39:35,23-September-2023 00:39:35,23/09/2023 12:39:35 AM,23,Saturday,9,2023
1042,3rd,Yes,female,-0.1165229692840133,0.125,0.0,15.5,Q,2023-09-05 20:51:41,05-September-2023 20:51:41,05/09/2023 08:51:41 PM,5,Tuesday,9,2023
1043,3rd,Yes,female,-0.1165229692840133,0.125,0.0,15.5,Q,2023-04-27 13:37:26,27-April-2023 13:37:26,27/04/2023 01:37:26 PM,27,Thursday,4,2023
1044,3rd,Yes,female,-0.1165229692840133,0.0,0.0,15.5,Q,2023-02-12 09:01:01,12-February-2023 09:01:01,12/02/2023 09:01:01 AM,12,Sunday,2,2023
1045,3rd,No,male,-0.8916977831525068,0.0,0.0,7.75,S,2023-02-20 09:48:27,20-February-2023 09:48:27,20/02/2023 09:48:27 AM,20,Monday,2,2023
1046,3rd,No,male,-0.5816278576051094,0.0,0.0,7.8958,S,2023-09-04 09:13:38,04-September-2023 09:13:38,04/09/2023 09:13:38 AM,4,Monday,9,2023
1047,3rd,Yes,female,-1.1242502273130548,0.0,0.0,7.225,C,2023-05-25 22:39:12,25-May-2023 22:39:12,25/05/2023 10:39:12 PM,25,Thursday,5,2023
1048,3rd,Yes,female,-2.2094949667289456,0.0,0.2222222222222222,15.7417,C,2023-04-08 07:09:06,08-April-2023 07:09:06,08/04/2023 07:09:06 AM,8,Saturday,4,2023
1049,3rd,Yes,male,-0.7366628203788081,0.125,0.1111111111111111,15.7417,C,2023-07-23 15:45:46,23-July-2023 15:45:46,23/07/2023 03:45:46 PM,23,Sunday,7,2023
1050,3rd,Yes,female,-0.8141803017656575,0.125,0.1111111111111111,15.7417,C,2023-04-19 03:53:37,19-April-2023 03:53:37,19/04/2023 03:53:37 AM,19,Wednesday,4,2023
1051,3rd,No,male,0.2710644376502334,0.0,0.0,8.05,S,2023-10-30 13:35:37,30-October-2023 13:35:37,30/10/2023 01:35:37 PM,30,Monday,10,2023
1052,3rd,No,male,-0.1165229692840133,0.0,0.0,7.8958,S,2023-07-31 13:38:56,31-July-2023 13:38:56,31/07/2023 01:38:56 PM,31,Monday,7,2023
1053,3rd,No,male,-0.1165229692840133,0.0,0.0,7.2292,C,2023-09-22 12:25:23,22-September-2023 12:25:23,22/09/2023 12:25:23 PM,22,Friday,9,2023
1054,3rd,No,female,-0.1165229692840133,0.0,0.0,7.75,Q,2023-02-04 19:03:12,04-February-2023 19:03:12,04/02/2023 07:03:12 PM,4,Saturday,2,2023
1055,3rd,No,male,-0.1165229692840133,0.0,0.0,7.8958,S,2023-01-29 02:35:29,29-January-2023 02:35:29,29/01/2023 02:35:29 AM,29,Sunday,1,2023
1056,3rd,Yes,male,-1.356802671473603,0.125,0.0,11.2417,C,2023-01-21 16:40:21,21-January-2023 16:40:21,21/01/2023 04:40:21 PM,21,Saturday,1,2023
1057,3rd,Yes,female,-1.2017677086999041,0.125,0.0,11.2417,C,2023-10-02 04:23:47,02-October-2023 04:23:47,02/10/2023 04:23:47 AM,2,Monday,10,2023
1058,3rd,No,female,-0.03900548789716396,0.0,0.0,7.925,S,2023-11-07 13:43:08,07-November-2023 13:43:08,07/11/2023 01:43:08 PM,7,Tuesday,11,2023
1059,3rd,No,male,-0.1165229692840133,0.0,0.0,8.05,S,2023-01-23 20:37:37,23-January-2023 20:37:37,23/01/2023 08:37:37 PM,23,Monday,1,2023
1060,3rd,Yes,female,-0.8916977831525068,0.0,0.0,7.775,S,2023-11-11 06:06:01,11-November-2023 06:06:01,11/11/2023 06:06:01 AM,11,Saturday,11,2023
1061,3rd,Yes,female,-0.271557932057712,0.0,0.0,7.8542,S,2023-01-14 16:22:01,14-January-2023 16:22:01,14/01/2023 04:22:01 PM,14,Saturday,1,2023
1062,3rd,No,male,-0.6591453389919587,0.0,0.0,7.8542,S,2023-03-07 19:35:31,07-March-2023 19:35:31,07/03/2023 07:35:31 PM,7,Tuesday,3,2023
1063,3rd,No,male,0.8912042887450282,0.0,0.0,7.125,S,2023-04-26 04:11:00,26-April-2023 04:11:00,26/04/2023 04:11:00 AM,26,Wednesday,4,2023
1064,3rd,Yes,male,0.7361693259713296,0.0,0.0,7.925,S,2023-02-20 16:06:09,20-February-2023 16:06:09,20/02/2023 04:06:09 PM,20,Monday,2,2023
1065,3rd,No,male,-0.6591453389919587,0.0,0.0,7.8,S,2023-11-06 17:28:37,06-November-2023 17:28:37,06/11/2023 05:28:37 PM,6,Monday,11,2023
1066,3rd,No,male,-0.07776422859058864,0.0,0.0,7.2292,C,2023-03-28 17:37:58,28-March-2023 17:37:58,28/03/2023 05:37:58 PM,28,Tuesday,3,2023
1067,3rd,Yes,female,-0.5816278576051094,0.0,0.0,7.75,S,2023-07-20 01:33:08,20-July-2023 01:33:08,20/07/2023 01:33:08 AM,20,Thursday,7,2023
1068,3rd,No,male,2.441553916482015,0.0,0.0,6.2375,S,2023-05-12 01:53:22,12-May-2023 01:53:22,12/05/2023 01:53:22 AM,12,Friday,5,2023
1069,3rd,No,male,-0.1165229692840133,0.125,0.0,15.5,Q,2023-02-13 15:26:04,13-February-2023 15:26:04,13/02/2023 03:26:04 PM,13,Monday,2,2023
1070,3rd,No,male,-0.1165229692840133,0.0,0.0,7.8292,Q,2023-04-08 12:30:01,08-April-2023 12:30:01,08/04/2023 12:30:01 PM,8,Saturday,4,2023
1071,3rd,Yes,female,-0.1165229692840133,0.125,0.0,15.5,Q,2023-09-11 11:26:58,11-September-2023 11:26:58,11/09/2023 11:26:58 AM,11,Monday,9,2023
1072,3rd,No,male,-0.1165229692840133,0.0,0.0,7.7333,Q,2023-09-10 17:22:37,10-September-2023 17:22:37,10/09/2023 05:22:37 PM,10,Sunday,9,2023
1073,3rd,No,male,-0.1165229692840133,0.0,0.0,7.75,Q,2023-03-06 22:24:07,06-March-2023 22:24:07,06/03/2023 10:24:07 PM,6,Monday,3,2023
1074,3rd,No,male,-0.1165229692840133,0.0,0.0,7.75,Q,2023-07-13 07:14:17,13-July-2023 07:14:17,13/07/2023 07:14:17 AM,13,Thursday,7,2023
1075,3rd,No,male,-0.50411037621826,0.0,0.0,9.225,S,2023-05-01 17:59:09,01-May-2023 17:59:09,01/05/2023 05:59:09 PM,1,Monday,5,2023
1076,3rd,No,female,-0.1165229692840133,0.0,0.0,7.75,Q,2023-09-14 15:34:56,14-September-2023 15:34:56,14/09/2023 03:34:56 PM,14,Thursday,9,2023
1077,3rd,Yes,female,-0.1165229692840133,0.0,0.0,7.75,Q,2023-04-19 05:23:09,19-April-2023 05:23:09,19/04/2023 05:23:09 AM,19,Wednesday,4,2023
1078,3rd,Yes,female,-0.1165229692840133,0.0,0.0,7.8792,Q,2023-02-28 09:05:13,28-February-2023 09:05:13,28/02/2023 09:05:13 AM,28,Tuesday,2,2023
1079,3rd,Yes,female,-0.5816278576051094,0.0,0.0,7.775,S,2023-08-16 23:14:27,16-August-2023 23:14:27,16/08/2023 11:14:27 PM,16,Wednesday,8,2023
1080,3rd,Yes,male,-0.1165229692840133,0.0,0.0,7.75,Q,2023-04-24 14:40:56,24-April-2023 14:40:56,24/04/2023 02:40:56 PM,24,Monday,4,2023
1081,3rd,Yes,female,-0.1165229692840133,0.0,0.0,7.8292,Q,2023-06-25 23:36:42,25-June-2023 23:36:42,25/06/2023 11:36:42 PM,25,Sunday,6,2023
1082,3rd,Yes,male,-1.589355115634151,0.0,0.1111111111111111,3.1708,S,2023-09-24 07:51:39,24-September-2023 07:51:39,24/09/2023 07:51:39 AM,24,Sunday,9,2023
1083,3rd,No,male,-0.1165229692840133,0.0,0.0,22.525,S,2023-04-07 21:40:21,07-April-2023 21:40:21,07/04/2023 09:40:21 PM,7,Friday,4,2023
1084,3rd,No,male,0.9687217701318775,0.0,0.1111111111111111,8.4042,S,2023-09-13 17:28:57,13-September-2023 17:28:57,13/09/2023 05:28:57 PM,13,Wednesday,9,2023
1085,3rd,No,male,-0.1165229692840133,0.0,0.0,7.3125,S,2023-07-19 21:23:24,19-July-2023 21:23:24,19/07/2023 09:23:24 PM,19,Wednesday,7,2023
1086,3rd,No,female,0.11602947487653474,0.0,0.0,7.8542,S,2023-07-21 18:51:24,21-July-2023 18:51:24,21/07/2023 06:51:24 PM,21,Friday,7,2023
1087,3rd,No,male,-0.1165229692840133,0.0,0.0,7.8542,S,2023-11-13 18:11:40,13-November-2023 18:11:40,13/11/2023 06:11:40 PM,13,Monday,11,2023
1088,3rd,Yes,male,0.19354695626338408,0.0,0.0,7.775,S,2023-02-03 17:13:34,03-February-2023 17:13:34,03/02/2023 05:13:34 PM,3,Friday,2,2023
1089,3rd,No,male,-0.7366628203788081,0.0,0.0,9.225,S,2023-11-29 17:13:05,29-November-2023 17:13:05,29/11/2023 05:13:05 PM,29,Wednesday,11,2023
1090,3rd,No,female,-0.50411037621826,0.0,0.0,8.6625,S,2023-11-02 18:58:54,02-November-2023 18:58:54,02/11/2023 06:58:54 PM,2,Thursday,11,2023
1091,3rd,No,female,-0.7366628203788081,0.0,0.0,8.6625,S,2023-06-21 03:35:26,21-June-2023 03:35:26,21/06/2023 03:35:26 AM,21,Wednesday,6,2023
1092,3rd,No,male,-0.7366628203788081,0.0,0.0,8.6625,S,2023-08-10 01:29:36,10-August-2023 01:29:36,10/08/2023 01:29:36 AM,10,Thursday,8,2023
1093,3rd,No,male,-1.0467327459262055,0.0,0.0,9.2167,S,2023-12-24 19:57:06,24-December-2023 19:57:06,24/12/2023 07:57:06 PM,24,Sunday,12,2023
1094,3rd,Yes,female,0.11602947487653474,0.0,0.0,8.6833,S,2023-04-18 11:41:05,18-April-2023 11:41:05,18/04/2023 11:41:05 AM,18,Tuesday,4,2023
1095,3rd,No,female,-0.1165229692840133,0.0,0.0,7.6292,Q,2023-06-22 17:03:00,22-June-2023 17:03:00,22/06/2023 05:03:00 PM,22,Thursday,6,2023
1096,3rd,No,male,-2.1319774853420963,0.375,0.1111111111111111,21.075,S,2023-04-01 19:08:54,01-April-2023 19:08:54,01/04/2023 07:08:54 PM,1,Saturday,4,2023
1097,3rd,No,male,-1.821907559794699,0.375,0.1111111111111111,21.075,S,2023-03-17 19:06:09,17-March-2023 19:06:09,17/03/2023 07:06:09 PM,17,Friday,3,2023
1098,3rd,No,female,-2.054460003955247,0.375,0.1111111111111111,21.075,S,2023-01-08 02:49:25,08-January-2023 02:49:25,08/01/2023 02:49:25 AM,8,Sunday,1,2023
1099,3rd,No,female,-1.6668725970210003,0.375,0.1111111111111111,21.075,S,2023-11-08 09:00:42,08-November-2023 09:00:42,08/11/2023 09:00:42 AM,8,Wednesday,11,2023
1100,3rd,No,female,-0.03900548789716396,0.0,0.4444444444444444,21.075,S,2023-03-23 02:20:05,23-March-2023 02:20:05,23/03/2023 02:20:05 AM,23,Thursday,3,2023
1101,3rd,No,male,-2.2094949667289456,0.5,0.1111111111111111,39.6875,S,2023-12-27 06:29:26,27-December-2023 06:29:26,27/12/2023 06:29:26 AM,27,Wednesday,12,2023
1102,3rd,No,male,-1.7443900784078497,0.5,0.1111111111111111,39.6875,S,2023-11-12 18:57:26,12-November-2023 18:57:26,12/11/2023 06:57:26 PM,12,Sunday,11,2023
1103,3rd,No,male,-2.1319774853420963,0.5,0.1111111111111111,39.6875,S,2023-07-04 12:37:05,04-July-2023 12:37:05,04/07/2023 12:37:05 PM,4,Tuesday,7,2023
1104,3rd,No,male,-1.0467327459262055,0.5,0.1111111111111111,39.6875,S,2023-02-11 17:07:35,11-February-2023 17:07:35,11/02/2023 05:07:35 PM,11,Saturday,2,2023
1105,3rd,No,male,-1.2017677086999041,0.5,0.1111111111111111,39.6875,S,2023-10-22 17:25:58,22-October-2023 17:25:58,22/10/2023 05:25:58 PM,22,Sunday,10,2023
1106,3rd,No,female,0.8912042887450282,0.0,0.5555555555555556,39.6875,S,2023-01-02 08:19:56,02-January-2023 08:19:56,02/01/2023 08:19:56 AM,2,Monday,1,2023
1107,3rd,No,male,-0.6591453389919587,0.0,0.0,8.6625,S,2023-06-14 22:03:41,14-June-2023 22:03:41,14/06/2023 10:03:41 PM,14,Wednesday,6,2023
1108,3rd,No,male,-0.8141803017656575,0.0,0.0,14.5,S,2023-03-21 23:50:39,21-March-2023 23:50:39,21/03/2023 11:50:39 PM,21,Tuesday,3,2023
1109,3rd,No,male,-0.1165229692840133,0.0,0.0,8.7125,C,2023-08-22 19:35:19,22-August-2023 19:35:19,22/08/2023 07:35:19 PM,22,Tuesday,8,2023
1110,3rd,No,male,0.19354695626338408,0.0,0.0,7.8958,S,2023-05-09 20:13:21,09-May-2023 20:13:21,09/05/2023 08:13:21 PM,9,Tuesday,5,2023
1111,3rd,No,male,-2.2288743370756583,0.125,0.1111111111111111,13.775,S,2023-06-24 16:35:15,24-June-2023 16:35:15,24/06/2023 04:35:15 PM,24,Saturday,6,2023
1112,3rd,No,female,-2.054460003955247,0.125,0.1111111111111111,13.775,S,2023-06-11 23:31:37,11-June-2023 23:31:37,11/06/2023 11:31:37 PM,11,Sunday,6,2023
1113,3rd,No,female,-0.271557932057712,0.0,0.2222222222222222,13.775,S,2023-03-30 23:59:23,30-March-2023 23:59:23,30/03/2023 11:59:23 PM,30,Thursday,3,2023
1114,3rd,No,male,-0.1165229692840133,0.0,0.0,7.0,S,2023-08-04 17:52:16,04-August-2023 17:52:16,04/08/2023 05:52:16 PM,4,Friday,8,2023
1115,3rd,No,male,-0.1165229692840133,0.0,0.0,7.775,S,2023-05-02 00:22:36,02-May-2023 00:22:36,02/05/2023 12:22:36 AM,2,Tuesday,5,2023
1116,3rd,No,male,-0.1165229692840133,0.0,0.0,8.05,S,2023-04-02 06:48:11,02-April-2023 06:48:11,02/04/2023 06:48:11 AM,2,Sunday,4,2023
1117,3rd,No,male,-0.6591453389919587,0.0,0.0,7.925,S,2023-08-16 16:40:02,16-August-2023 16:40:02,16/08/2023 04:40:02 PM,16,Wednesday,8,2023
1118,3rd,No,male,-0.34907541344456133,0.0,0.0,7.925,S,2023-03-02 02:03:47,02-March-2023 02:03:47,02/03/2023 02:03:47 AM,2,Thursday,3,2023
1119,3rd,No,male,-0.5816278576051094,0.0,0.0,7.25,S,2023-09-16 22:28:10,16-September-2023 22:28:10,16/09/2023 10:28:10 PM,16,Saturday,9,2023
1120,3rd,Yes,male,-0.34907541344456133,0.125,0.0,7.775,S,2023-05-11 12:51:11,11-May-2023 12:51:11,11/05/2023 12:51:11 PM,11,Thursday,5,2023
1121,3rd,Yes,male,-0.1165229692840133,0.125,0.1111111111111111,22.3583,C,2023-08-05 03:27:11,05-August-2023 03:27:11,05/08/2023 03:27:11 AM,5,Saturday,8,2023
1122,3rd,Yes,female,-0.1165229692840133,0.125,0.1111111111111111,22.3583,C,2023-12-30 02:56:49,30-December-2023 02:56:49,30/12/2023 02:56:49 AM,30,Saturday,12,2023
1123,3rd,Yes,female,-0.1165229692840133,0.0,0.2222222222222222,22.3583,C,2023-10-02 15:16:13,02-October-2023 15:16:13,02/10/2023 03:16:13 PM,2,Monday,10,2023
1124,3rd,No,female,-0.1165229692840133,0.0,0.0,8.1375,Q,2023-05-16 12:29:19,16-May-2023 12:29:19,16/05/2023 12:29:19 PM,16,Tuesday,5,2023
1125,3rd,No,male,-0.4265928948314107,0.0,0.0,8.05,S,2023-05-07 14:35:13,07-May-2023 14:35:13,07/05/2023 02:35:13 PM,7,Sunday,5,2023
1126,3rd,No,female,-0.1165229692840133,0.0,0.0,7.8958,S,2023-05-17 09:02:56,17-May-2023 09:02:56,17/05/2023 09:02:56 AM,17,Wednesday,5,2023
1127,3rd,No,male,-0.8141803017656575,0.0,0.0,7.8958,S,2023-12-22 16:57:00,22-December-2023 16:57:00,22/12/2023 04:57:00 PM,22,Friday,12,2023
1128,3rd,No,male,-0.1165229692840133,0.0,0.0,7.8958,S,2023-05-13 15:10:00,13-May-2023 15:10:00,13/05/2023 03:10:00 PM,13,Saturday,5,2023
1129,3rd,No,male,-0.34907541344456133,0.125,0.0,7.775,S,2023-09-13 09:07:34,13-September-2023 09:07:34,13/09/2023 09:07:34 AM,13,Wednesday,9,2023
1130,3rd,No,female,-0.8916977831525068,0.0,0.0,7.775,S,2023-06-30 20:54:29,30-June-2023 20:54:29,30/06/2023 08:54:29 PM,30,Friday,6,2023
1131,3rd,Yes,male,0.19354695626338408,0.0,0.0,8.05,S,2023-06-11 00:25:25,11-June-2023 00:25:25,11/06/2023 12:25:25 AM,11,Sunday,6,2023
1132,3rd,No,male,-0.1165229692840133,0.0,0.0,7.8958,S,2023-06-16 22:50:38,16-June-2023 22:50:38,16/06/2023 10:50:38 PM,16,Friday,6,2023
1133,3rd,No,male,-0.9692152645393561,0.0,0.0,8.6625,S,2023-10-03 12:58:00,03-October-2023 12:58:00,03/10/2023 12:58:00 PM,3,Tuesday,10,2023
1134,3rd,No,male,-0.4265928948314107,0.0,0.0,8.6625,S,2023-07-24 19:02:42,24-July-2023 19:02:42,24/07/2023 07:02:42 PM,24,Monday,7,2023
1135,3rd,No,male,-0.1165229692840133,0.0,0.0,7.8958,S,2023-12-01 12:19:00,01-December-2023 12:19:00,01/12/2023 12:19:00 PM,1,Friday,12,2023
1136,3rd,No,female,-0.1165229692840133,0.0,0.0,8.1125,S,2023-03-25 06:12:27,25-March-2023 06:12:27,25/03/2023 06:12:27 AM,25,Saturday,3,2023
1137,3rd,No,male,-0.1165229692840133,0.0,0.0,7.2292,C,2023-06-14 17:59:32,14-June-2023 17:59:32,14/06/2023 05:59:32 PM,14,Wednesday,6,2023
1138,3rd,No,male,-0.1165229692840133,0.0,0.0,7.25,S,2023-12-16 13:15:41,16-December-2023 13:15:41,16/12/2023 01:15:41 PM,16,Saturday,12,2023
1139,3rd,No,male,0.6586518445844802,0.0,0.0,7.8958,S,2023-11-08 17:30:20,08-November-2023 17:30:20,08/11/2023 05:30:20 PM,8,Wednesday,11,2023
1140,3rd,No,male,-0.6591453389919587,0.0,0.0,8.05,S,2023-11-22 21:26:13,22-November-2023 21:26:13,22/11/2023 09:26:13 PM,22,Wednesday,11,2023
1141,3rd,No,male,-1.5118376342473017,0.5,0.1111111111111111,29.125,Q,2023-03-18 22:16:42,18-March-2023 22:16:42,18/03/2023 10:16:42 PM,18,Saturday,3,2023
1142,3rd,No,male,-1.9769425225683976,0.5,0.1111111111111111,29.125,Q,2023-03-02 03:21:43,02-March-2023 03:21:43,02/03/2023 03:21:43 AM,2,Thursday,3,2023
1143,3rd,No,male,-1.7443900784078497,0.5,0.1111111111111111,29.125,Q,2023-11-30 02:54:41,30-November-2023 02:54:41,30/11/2023 02:54:41 AM,30,Thursday,11,2023
1144,3rd,No,male,-2.1319774853420963,0.5,0.1111111111111111,29.125,Q,2023-03-10 19:06:53,10-March-2023 19:06:53,10/03/2023 07:06:53 PM,10,Friday,3,2023
1145,3rd,No,male,-1.6668725970210003,0.5,0.1111111111111111,29.125,Q,2023-04-17 23:41:13,17-April-2023 23:41:13,17/04/2023 11:41:13 PM,17,Monday,4,2023
1146,3rd,No,female,0.7361693259713296,0.0,0.5555555555555556,29.125,Q,2023-03-20 11:56:09,20-March-2023 11:56:09,20/03/2023 11:56:09 AM,20,Monday,3,2023
1147,3rd,No,female,-0.5816278576051094,0.0,0.0,39.6875,S,2023-09-16 12:44:54,16-September-2023 12:44:54,16/09/2023 12:44:54 PM,16,Saturday,9,2023
1148,3rd,No,male,0.42609940042393213,0.0,0.0,7.125,S,2023-01-23 00:02:55,23-January-2023 00:02:55,23/01/2023 12:02:55 AM,23,Monday,1,2023
1149,3rd,Yes,female,-0.1165229692840133,0.0,0.0,7.7208,Q,2023-10-06 05:43:50,06-October-2023 05:43:50,06/10/2023 05:43:50 AM,6,Friday,10,2023
1150,3rd,No,male,-0.1165229692840133,0.0,0.0,14.5,S,2023-05-06 21:33:57,06-May-2023 21:33:57,06/05/2023 09:33:57 PM,6,Saturday,5,2023
1151,3rd,No,female,-0.1165229692840133,0.0,0.0,14.5,S,2023-09-15 15:51:12,15-September-2023 15:51:12,15/09/2023 03:51:12 PM,15,Friday,9,2023
1152,3rd,No,male,1.5888616212266724,0.125,0.0,14.5,S,2023-04-22 21:43:19,22-April-2023 21:43:19,22/04/2023 09:43:19 PM,22,Saturday,4,2023
1153,3rd,No,female,1.3563091770661244,0.125,0.0,14.5,S,2023-11-25 15:51:04,25-November-2023 15:51:04,25/11/2023 03:51:04 PM,25,Saturday,11,2023
1154,3rd,No,male,-0.1165229692840133,0.0,0.0,8.05,S,2023-04-06 00:47:04,06-April-2023 00:47:04,06/04/2023 12:47:04 AM,6,Thursday,4,2023
1155,3rd,No,male,-0.1165229692840133,0.0,0.0,7.775,S,2023-10-06 07:00:20,06-October-2023 07:00:20,06/10/2023 07:00:20 AM,6,Friday,10,2023
1156,3rd,No,female,-2.1319774853420963,0.125,0.1111111111111111,20.2125,S,2023-12-09 20:34:41,09-December-2023 20:34:41,09/12/2023 08:34:41 PM,9,Saturday,12,2023
1157,3rd,No,male,-0.8916977831525068,0.125,0.1111111111111111,20.2125,S,2023-10-31 05:00:54,31-October-2023 05:00:54,31/10/2023 05:00:54 AM,31,Tuesday,10,2023
1158,3rd,No,female,0.8912042887450282,0.0,0.2222222222222222,20.2125,S,2023-02-15 13:45:17,15-February-2023 13:45:17,15/02/2023 01:45:17 PM,15,Wednesday,2,2023
1159,3rd,Yes,female,-0.1165229692840133,0.0,0.0,8.05,S,2023-03-27 22:25:22,27-March-2023 22:25:22,27/03/2023 10:25:22 PM,27,Monday,3,2023
1160,3rd,No,male,1.5888616212266724,0.0,0.0,8.05,S,2023-02-10 09:41:24,10-February-2023 09:41:24,10/02/2023 09:41:24 AM,10,Friday,2,2023
1161,3rd,No,male,-1.0467327459262055,0.0,0.0,8.05,S,2023-04-01 02:53:22,01-April-2023 02:53:22,01/04/2023 02:53:22 AM,1,Saturday,4,2023
1162,3rd,Yes,male,-0.1165229692840133,0.0,0.0,7.75,Q,2023-09-19 13:38:25,19-September-2023 13:38:25,19/09/2023 01:38:25 PM,19,Tuesday,9,2023
1163,3rd,No,male,-0.1165229692840133,0.0,0.0,24.15,Q,2023-11-30 15:52:40,30-November-2023 15:52:40,30/11/2023 03:52:40 PM,30,Thursday,11,2023
1164,3rd,No,male,-0.1165229692840133,0.0,0.0,7.2292,C,2023-03-02 15:53:58,02-March-2023 15:53:58,02/03/2023 03:53:58 PM,2,Thursday,3,2023
1165,3rd,No,male,-0.34907541344456133,0.0,0.0,7.225,C,2023-06-21 23:10:41,21-June-2023 23:10:41,21/06/2023 11:10:41 PM,21,Wednesday,6,2023
1166,3rd,No,male,-0.1165229692840133,0.0,0.0,7.225,C,2023-12-07 11:57:19,07-December-2023 11:57:19,07/12/2023 11:57:19 AM,7,Thursday,12,2023
1167,3rd,No,male,-0.1165229692840133,0.0,0.0,7.7292,Q,2023-07-14 18:02:53,14-July-2023 18:02:53,14/07/2023 06:02:53 PM,14,Friday,7,2023
1168,3rd,No,male,-0.1165229692840133,0.0,0.0,7.575,S,2023-01-07 20:40:45,07-January-2023 20:40:45,07/01/2023 08:40:45 PM,7,Saturday,1,2023
1169,3rd,No,male,0.6974105852779049,0.0,0.0,7.25,S,2023-04-06 02:51:31,06-April-2023 02:51:31,06/04/2023 02:51:31 AM,6,Thursday,4,2023
1170,3rd,No,male,-0.1165229692840133,1.0,0.2222222222222222,69.55,S,2023-10-25 19:50:21,25-October-2023 19:50:21,25/10/2023 07:50:21 PM,25,Wednesday,10,2023
1171,3rd,No,male,-1.1630089680064795,1.0,0.2222222222222222,69.55,S,2023-11-19 20:02:13,19-November-2023 20:02:13,19/11/2023 08:02:13 PM,19,Sunday,11,2023
1172,3rd,No,female,-0.1165229692840133,1.0,0.2222222222222222,69.55,S,2023-06-19 01:58:01,19-June-2023 01:58:01,19/06/2023 01:58:01 AM,19,Monday,6,2023
1173,3rd,No,female,-0.1165229692840133,1.0,0.2222222222222222,69.55,S,2023-11-12 03:30:13,12-November-2023 03:30:13,12/11/2023 03:30:13 AM,12,Sunday,11,2023
1174,3rd,No,female,-0.1165229692840133,1.0,0.2222222222222222,69.55,S,2023-10-09 22:55:35,09-October-2023 22:55:35,09/10/2023 10:55:35 PM,9,Monday,10,2023
1175,3rd,No,female,-0.1165229692840133,1.0,0.2222222222222222,69.55,S,2023-02-28 23:57:32,28-February-2023 23:57:32,28/02/2023 11:57:32 PM,28,Tuesday,2,2023
1176,3rd,No,male,-0.1165229692840133,1.0,0.2222222222222222,69.55,S,2023-02-26 22:22:45,26-February-2023 22:22:45,26/02/2023 10:22:45 PM,26,Sunday,2,2023
1177,3rd,No,male,-0.1165229692840133,1.0,0.2222222222222222,69.55,S,2023-05-08 11:52:50,08-May-2023 11:52:50,08/05/2023 11:52:50 AM,8,Monday,5,2023
1178,3rd,No,male,-0.1165229692840133,1.0,0.2222222222222222,69.55,S,2023-04-21 23:01:02,21-April-2023 23:01:02,21/04/2023 11:01:02 PM,21,Friday,4,2023
1179,3rd,No,male,-0.1165229692840133,0.125,1.0,69.55,S,2023-01-09 18:40:38,09-January-2023 18:40:38,09/01/2023 06:40:38 PM,9,Monday,1,2023
1180,3rd,No,female,-0.1165229692840133,0.125,1.0,69.55,S,2023-10-21 08:09:05,21-October-2023 08:09:05,21/10/2023 08:09:05 AM,21,Saturday,10,2023
1181,3rd,No,male,-0.4265928948314107,0.0,0.0,9.325,S,2023-11-24 04:15:38,24-November-2023 04:15:38,24/11/2023 04:15:38 AM,24,Friday,11,2023
1182,3rd,Yes,female,-0.6591453389919587,0.0,0.0,7.65,S,2023-12-07 08:20:02,07-December-2023 08:20:02,07/12/2023 08:20:02 AM,7,Thursday,12,2023
1183,3rd,No,male,0.7361693259713296,0.0,0.0,7.925,S,2023-06-09 22:40:43,09-June-2023 22:40:43,09/06/2023 10:40:43 PM,9,Friday,6,2023
1184,3rd,No,male,-0.1165229692840133,0.25,0.0,21.6792,C,2023-11-18 08:33:46,18-November-2023 08:33:46,18/11/2023 08:33:46 AM,18,Saturday,11,2023
1185,3rd,No,male,-0.1165229692840133,0.25,0.0,21.6792,C,2023-03-15 19:09:55,15-March-2023 19:09:55,15/03/2023 07:09:55 PM,15,Wednesday,3,2023
1186,3rd,No,male,-0.1165229692840133,0.25,0.0,21.6792,C,2023-09-23 02:18:03,23-September-2023 02:18:03,23/09/2023 02:18:03 AM,23,Saturday,9,2023
1187,3rd,Yes,female,-2.2094949667289456,0.125,0.1111111111111111,16.7,S,2023-06-11 08:24:18,11-June-2023 08:24:18,11/06/2023 08:24:18 AM,11,Sunday,6,2023
1188,3rd,Yes,female,-0.4265928948314107,0.0,0.2222222222222222,16.7,S,2023-12-25 04:42:55,25-December-2023 04:42:55,25/12/2023 04:42:55 AM,25,Monday,12,2023
1189,3rd,Yes,female,-1.9769425225683976,0.125,0.1111111111111111,16.7,S,2023-07-05 06:30:00,05-July-2023 06:30:00,05/07/2023 06:30:00 AM,5,Wednesday,7,2023
1190,3rd,Yes,male,-0.34907541344456133,0.0,0.0,9.5,S,2023-09-09 17:39:30,09-September-2023 17:39:30,09/09/2023 05:39:30 PM,9,Saturday,9,2023
1191,3rd,No,male,-0.7366628203788081,0.0,0.0,8.05,S,2023-06-04 15:18:44,04-June-2023 15:18:44,04/06/2023 03:18:44 PM,4,Sunday,6,2023
1192,3rd,No,male,-0.38783415413798605,0.0,0.0,8.05,S,2023-02-03 05:20:42,03-February-2023 05:20:42,03/02/2023 05:20:42 AM,3,Friday,2,2023
1193,3rd,No,male,-0.1165229692840133,0.0,0.0,7.725,Q,2023-01-05 16:46:52,05-January-2023 16:46:52,05/01/2023 04:46:52 PM,5,Thursday,1,2023
1194,3rd,No,male,-0.1165229692840133,0.0,0.0,7.8958,S,2023-05-24 21:52:47,24-May-2023 21:52:47,24/05/2023 09:52:47 PM,24,Wednesday,5,2023
1195,3rd,No,male,-0.1165229692840133,0.0,0.0,7.75,Q,2023-05-17 21:42:42,17-May-2023 21:42:42,17/05/2023 09:42:42 PM,17,Wednesday,5,2023
1196,3rd,Yes,male,-0.03900548789716396,0.0,0.0,9.5,S,2023-01-25 07:49:52,25-January-2023 07:49:52,25/01/2023 07:49:52 AM,25,Wednesday,1,2023
1197,3rd,No,male,-0.1165229692840133,0.0,0.0,15.1,S,2023-08-02 22:50:34,02-August-2023 22:50:34,02/08/2023 10:50:34 PM,2,Wednesday,8,2023
1198,3rd,Yes,female,-0.1165229692840133,0.0,0.0,7.7792,Q,2023-12-08 11:29:12,08-December-2023 11:29:12,08/12/2023 11:29:12 AM,8,Friday,12,2023
1199,3rd,No,male,-0.1165229692840133,0.0,0.0,8.05,S,2023-01-25 12:06:22,25-January-2023 12:06:22,25/01/2023 12:06:22 PM,25,Wednesday,1,2023
1200,3rd,No,male,-0.1165229692840133,0.0,0.0,8.05,S,2023-12-22 19:46:59,22-December-2023 19:46:59,22/12/2023 07:46:59 PM,22,Friday,12,2023
1201,3rd,No,male,-0.5816278576051094,0.0,0.0,7.2292,C,2023-07-01 15:44:35,01-July-2023 15:44:35,01/07/2023 03:44:35 PM,1,Saturday,7,2023
1202,3rd,No,male,-0.1165229692840133,0.0,0.0,8.05,S,2023-06-02 11:47:25,02-June-2023 11:47:25,02/06/2023 11:47:25 AM,2,Friday,6,2023
1203,3rd,No,male,0.8136868073581789,0.0,0.0,7.8958,S,2023-03-26 14:41:03,26-March-2023 14:41:03,26/03/2023 02:41:03 PM,26,Sunday,3,2023
1204,3rd,No,male,-0.6591453389919587,0.0,0.0,7.925,S,2023-10-25 02:50:06,25-October-2023 02:50:06,25/10/2023 02:50:06 AM,25,Wednesday,10,2023
1205,3rd,Yes,female,-0.8916977831525068,0.0,0.0,7.4958,S,2023-04-27 04:37:35,27-April-2023 04:37:35,27/04/2023 04:37:35 AM,27,Thursday,4,2023
1206,3rd,No,male,-1.9769425225683976,0.375,0.2222222222222222,27.9,S,2023-10-27 23:52:37,27-October-2023 23:52:37,27/10/2023 11:52:37 PM,27,Friday,10,2023
1207,3rd,No,male,-1.5118376342473017,0.375,0.2222222222222222,27.9,S,2023-02-20 01:07:45,20-February-2023 01:07:45,20/02/2023 01:07:45 AM,20,Monday,2,2023
1208,3rd,No,female,-1.589355115634151,0.375,0.2222222222222222,27.9,S,2023-11-22 16:46:38,22-November-2023 16:46:38,22/11/2023 04:46:38 PM,22,Wednesday,11,2023
1209,3rd,No,female,-2.1319774853420963,0.375,0.2222222222222222,27.9,S,2023-01-10 19:45:52,10-January-2023 19:45:52,10/01/2023 07:45:52 PM,10,Tuesday,1,2023
1210,3rd,No,male,0.8136868073581789,0.125,0.4444444444444444,27.9,S,2023-10-08 01:50:44,08-October-2023 01:50:44,08/10/2023 01:50:44 AM,8,Sunday,10,2023
1211,3rd,No,female,1.2012742142924255,0.125,0.4444444444444444,27.9,S,2023-08-20 23:56:20,20-August-2023 23:56:20,20/08/2023 11:56:20 PM,20,Sunday,8,2023
1212,3rd,No,male,-0.1165229692840133,0.0,0.0,7.8958,S,2023-09-27 06:00:36,27-September-2023 06:00:36,27/09/2023 06:00:36 AM,27,Wednesday,9,2023
1213,3rd,No,male,-0.1165229692840133,0.0,0.0,8.05,S,2023-05-02 05:54:14,02-May-2023 05:54:14,02/05/2023 05:54:14 AM,2,Tuesday,5,2023
1214,3rd,No,male,-0.1165229692840133,0.0,0.0,8.6625,S,2023-12-05 22:07:31,05-December-2023 22:07:31,05/12/2023 10:07:31 PM,5,Tuesday,12,2023
1215,3rd,No,male,-0.1165229692840133,0.0,0.0,7.75,Q,2023-11-02 16:34:45,02-November-2023 16:34:45,02/11/2023 04:34:45 PM,2,Thursday,11,2023
1216,3rd,Yes,female,-0.1165229692840133,0.0,0.0,7.7333,Q,2023-10-29 04:01:34,29-October-2023 04:01:34,29/10/2023 04:01:34 AM,29,Sunday,10,2023
1217,3rd,No,male,-0.8141803017656575,0.0,0.0,7.65,S,2023-01-02 11:18:38,02-January-2023 11:18:38,02/01/2023 11:18:38 AM,2,Monday,1,2023
1218,3rd,No,male,0.03851199348968539,0.0,0.0,8.05,S,2023-11-25 06:19:29,25-November-2023 06:19:29,25/11/2023 06:19:29 AM,25,Saturday,11,2023
1219,3rd,No,male,-0.1165229692840133,0.0,0.0,8.05,S,2023-05-25 20:52:47,25-May-2023 20:52:47,25/05/2023 08:52:47 PM,25,Thursday,5,2023
1220,3rd,No,male,0.19354695626338408,0.0,0.0,8.05,S,2023-03-18 08:38:08,18-March-2023 08:38:08,18/03/2023 08:38:08 AM,18,Saturday,3,2023
1221,3rd,No,male,-0.1165229692840133,0.0,0.0,7.8958,S,2023-04-28 09:20:39,28-April-2023 09:20:39,28/04/2023 09:20:39 AM,28,Friday,4,2023
1222,3rd,No,male,0.2710644376502334,0.0,0.0,8.6625,C,2023-08-08 22:55:52,08-August-2023 22:55:52,08/08/2023 10:55:52 PM,8,Tuesday,8,2023
1223,3rd,Yes,female,-0.50411037621826,0.0,0.0,7.55,S,2023-02-08 01:41:31,08-February-2023 01:41:31,08/02/2023 01:41:31 AM,8,Wednesday,2,2023
1224,3rd,No,male,-0.6591453389919587,0.0,0.0,8.05,S,2023-10-21 10:55:57,21-October-2023 10:55:57,21/10/2023 10:55:57 AM,21,Saturday,10,2023
1225,3rd,No,male,2.4027951757885906,0.0,0.0,,S,2023-03-03 07:11:57,03-March-2023 07:11:57,03/03/2023 07:11:57 AM,3,Friday,3,2023
1226,3rd,No,male,-0.8141803017656575,0.0,0.0,7.8958,S,2023-03-31 09:46:03,31-March-2023 09:46:03,31/03/2023 09:46:03 AM,31,Friday,3,2023
1227,3rd,No,female,-0.5816278576051094,0.0,0.0,9.8375,S,2023-08-29 02:45:05,29-August-2023 02:45:05,29/08/2023 02:45:05 AM,29,Tuesday,8,2023
1228,3rd,Yes,male,0.11602947487653474,0.0,0.0,7.925,S,2023-06-27 16:57:46,27-June-2023 16:57:46,27/06/2023 04:57:46 PM,27,Tuesday,6,2023
1229,3rd,No,male,-0.19404045067086265,0.0,0.0,8.6625,S,2023-02-02 23:15:08,02-February-2023 23:15:08,02/02/2023 11:15:08 PM,2,Thursday,2,2023
1230,3rd,No,female,-2.1319774853420963,0.0,0.1111111111111111,10.4625,S,2023-12-07 04:03:04,07-December-2023 04:03:04,07/12/2023 04:03:04 AM,7,Thursday,12,2023
1231,3rd,No,female,-0.03900548789716396,0.125,0.1111111111111111,10.4625,S,2023-12-17 20:23:16,17-December-2023 20:23:16,17/12/2023 08:23:16 PM,17,Sunday,12,2023
1232,3rd,Yes,male,-1.0467327459262055,0.0,0.0,8.05,S,2023-10-17 00:13:37,17-October-2023 00:13:37,17/10/2023 12:13:37 AM,17,Tuesday,10,2023
1233,3rd,Yes,male,1.1237567329055762,0.0,0.0,7.925,S,2023-11-04 22:29:36,04-November-2023 22:29:36,04/11/2023 10:29:36 PM,4,Saturday,11,2023
1234,3rd,No,male,-0.34907541344456133,0.0,0.0,7.05,S,2023-01-25 23:57:52,25-January-2023 23:57:52,25/01/2023 11:57:52 PM,25,Wednesday,1,2023
1235,3rd,No,male,3.4492811745110563,0.0,0.0,7.775,S,2023-11-11 08:21:44,11-November-2023 08:21:44,11/11/2023 08:21:44 AM,11,Saturday,11,2023
1236,3rd,Yes,male,-1.2017677086999041,0.0,0.0,9.225,S,2023-07-30 19:28:09,30-July-2023 19:28:09,30/07/2023 07:28:09 PM,30,Sunday,7,2023
1237,3rd,No,male,-0.4265928948314107,0.0,0.0,7.7958,S,2023-01-19 22:42:01,19-January-2023 22:42:01,19/01/2023 10:42:01 PM,19,Thursday,1,2023
1238,3rd,Yes,male,-0.34907541344456133,0.0,0.0,7.7958,S,2023-09-07 08:18:54,07-September-2023 08:18:54,07/09/2023 08:18:54 AM,7,Thursday,9,2023
1239,3rd,No,male,0.3485819190370828,0.0,0.0,8.05,S,2023-11-21 13:45:45,21-November-2023 13:45:45,21/11/2023 01:45:45 PM,21,Tuesday,11,2023
1240,3rd,Yes,male,-2.2547109136218952,0.0,0.1111111111111111,8.5167,C,2023-03-17 05:11:40,17-March-2023 05:11:40,17/03/2023 05:11:40 AM,17,Friday,3,2023
1241,3rd,No,male,-0.1165229692840133,0.125,0.0,6.4375,C,2023-04-08 20:38:05,08-April-2023 20:38:05,08/04/2023 08:38:05 PM,8,Saturday,4,2023
1242,3rd,No,male,-0.1165229692840133,0.0,0.0,6.4375,C,2023-10-14 14:06:25,14-October-2023 14:06:25,14/10/2023 02:06:25 PM,14,Saturday,10,2023
1243,3rd,No,male,-0.1165229692840133,0.0,0.0,7.225,C,2023-03-09 09:36:02,09-March-2023 09:36:02,09/03/2023 09:36:02 AM,9,Thursday,3,2023
1244,3rd,Yes,female,-1.0467327459262055,0.125,0.1111111111111111,8.5167,C,2023-10-23 07:39:16,23-October-2023 07:39:16,23/10/2023 07:39:16 AM,23,Monday,10,2023
1245,3rd,No,male,-0.1165229692840133,0.0,0.0,8.05,S,2023-10-01 06:19:57,01-October-2023 06:19:57,01/10/2023 06:19:57 AM,1,Sunday,10,2023
1246,3rd,No,male,-0.1165229692840133,0.125,0.0,16.1,S,2023-11-06 14:22:50,06-November-2023 14:22:50,06/11/2023 02:22:50 PM,6,Monday,11,2023
1247,3rd,Yes,female,-0.1165229692840133,0.125,0.0,16.1,S,2023-02-22 15:49:22,22-February-2023 15:49:22,22/02/2023 03:49:22 PM,22,Wednesday,2,2023
1248,3rd,No,male,0.19354695626338408,0.0,0.0,7.925,S,2023-07-27 01:36:48,27-July-2023 01:36:48,27/07/2023 01:36:48 AM,27,Thursday,7,2023
1249,3rd,No,male,-0.1165229692840133,0.0,0.0,7.75,Q,2023-11-24 10:32:31,24-November-2023 10:32:31,24/11/2023 10:32:31 AM,24,Friday,11,2023
1250,3rd,No,male,-0.1165229692840133,0.0,0.0,7.8958,S,2023-02-08 14:01:40,08-February-2023 14:01:40,08/02/2023 02:01:40 PM,8,Wednesday,2,2023
1251,3rd,No,male,0.07727073418311006,0.0,0.0,8.05,S,2023-12-23 15:34:08,23-December-2023 15:34:08,23/12/2023 03:34:08 PM,23,Saturday,12,2023
1252,3rd,No,male,1.1237567329055762,0.0,0.0,8.05,S,2023-04-24 13:49:37,24-April-2023 13:49:37,24/04/2023 01:49:37 PM,24,Monday,4,2023
1253,3rd,No,male,-0.1165229692840133,0.0,0.0,7.2292,C,2023-02-08 04:50:22,08-February-2023 04:50:22,08/02/2023 04:50:22 AM,8,Wednesday,2,2023
1254,3rd,Yes,male,-0.34907541344456133,0.0,0.0,0.0,S,2023-09-12 10:17:25,12-September-2023 10:17:25,12/09/2023 10:17:25 AM,12,Tuesday,9,2023
1255,3rd,No,male,-0.1165229692840133,0.0,0.0,7.2292,C,2023-09-09 15:53:54,09-September-2023 15:53:54,09/09/2023 03:53:54 PM,9,Saturday,9,2023
1256,3rd,Yes,male,-1.7443900784078497,0.125,0.1111111111111111,15.2458,C,2023-07-19 02:32:48,19-July-2023 02:32:48,19/07/2023 02:32:48 AM,19,Wednesday,7,2023
1257,3rd,Yes,female,-1.589355115634151,0.125,0.1111111111111111,15.2458,C,2023-06-10 05:32:56,10-June-2023 05:32:56,10/06/2023 05:32:56 AM,10,Saturday,6,2023
1258,3rd,Yes,female,-0.03900548789716396,0.0,0.2222222222222222,15.2458,C,2023-12-12 05:45:28,12-December-2023 05:45:28,12/12/2023 05:45:28 AM,12,Tuesday,12,2023
1259,3rd,No,male,0.5036168818107815,0.0,0.0,7.8958,S,2023-10-30 04:22:42,30-October-2023 04:22:42,30/10/2023 04:22:42 AM,30,Monday,10,2023
1260,3rd,Yes,female,-0.8916977831525068,0.0,0.0,9.8417,S,2023-06-07 17:15:58,07-June-2023 17:15:58,07/06/2023 05:15:58 PM,7,Wednesday,6,2023
1261,3rd,Yes,female,2.5965888792557137,0.0,0.0,9.5875,S,2023-03-11 06:47:08,11-March-2023 06:47:08,11/03/2023 06:47:08 AM,11,Saturday,3,2023
1262,3rd,No,male,-0.1165229692840133,0.125,0.1111111111111111,14.5,S,2023-12-18 21:32:15,18-December-2023 21:32:15,18/12/2023 09:32:15 PM,18,Monday,12,2023
1263,3rd,No,male,-1.3955614121670277,0.125,0.1111111111111111,14.5,S,2023-12-26 21:32:11,26-December-2023 21:32:11,26/12/2023 09:32:11 PM,26,Tuesday,12,2023
1264,3rd,No,male,0.8524455480516036,0.0,0.2222222222222222,14.5,S,2023-08-06 12:31:03,06-August-2023 12:31:03,06/08/2023 12:31:03 PM,6,Sunday,8,2023
1265,3rd,No,female,-1.5118376342473017,0.0,0.2222222222222222,24.15,S,2023-05-12 00:11:59,12-May-2023 00:11:59,12/05/2023 12:11:59 AM,12,Friday,5,2023
1266,3rd,No,male,0.5036168818107815,0.125,0.1111111111111111,24.15,S,2023-12-06 03:44:46,06-December-2023 03:44:46,06/12/2023 03:44:46 AM,6,Wednesday,12,2023
1267,3rd,No,female,0.03851199348968539,0.125,0.1111111111111111,24.15,S,2023-10-11 17:44:43,11-October-2023 17:44:43,11/10/2023 05:44:43 PM,11,Wednesday,10,2023
1268,3rd,No,male,-0.1165229692840133,0.0,0.0,9.5,S,2023-05-22 16:17:51,22-May-2023 16:17:51,22/05/2023 04:17:51 PM,22,Monday,5,2023
1269,3rd,No,male,0.2710644376502334,0.0,0.0,9.5,S,2023-05-30 02:44:47,30-May-2023 02:44:47,30/05/2023 02:44:47 AM,30,Tuesday,5,2023
1270,3rd,No,male,-0.1165229692840133,0.0,0.0,9.5,S,2023-12-01 20:38:03,01-December-2023 20:38:03,01/12/2023 08:38:03 PM,1,Friday,12,2023
1271,3rd,No,male,-0.1165229692840133,0.0,0.0,9.5,S,2023-05-15 02:12:57,15-May-2023 02:12:57,15/05/2023 02:12:57 AM,15,Monday,5,2023
1272,3rd,No,male,1.3563091770661244,0.0,0.0,9.0,S,2023-10-27 23:09:29,27-October-2023 23:09:29,27/10/2023 11:09:29 PM,27,Friday,10,2023
1273,3rd,No,female,-0.8916977831525068,0.25,0.0,18.0,S,2023-01-23 07:24:52,23-January-2023 07:24:52,23/01/2023 07:24:52 AM,23,Monday,1,2023
1274,3rd,No,male,0.11602947487653474,0.375,0.0,18.0,S,2023-12-12 00:19:53,12-December-2023 00:19:53,12/12/2023 12:19:53 AM,12,Tuesday,12,2023
1275,3rd,No,male,-1.0467327459262055,0.25,0.0,18.0,S,2023-09-21 08:07:46,21-September-2023 08:07:46,21/09/2023 08:07:46 AM,21,Thursday,9,2023
1276,3rd,No,female,0.11602947487653474,0.125,0.0,18.0,S,2023-10-31 07:13:03,31-October-2023 07:13:03,31/10/2023 07:13:03 AM,31,Tuesday,10,2023
1277,3rd,Yes,male,-0.5816278576051094,0.0,0.0,7.225,C,2023-09-23 12:34:28,23-September-2023 12:34:28,23/09/2023 12:34:28 PM,23,Saturday,9,2023
1278,3rd,No,male,-0.7366628203788081,0.0,0.0,7.8542,S,2023-04-28 02:29:00,28-April-2023 02:29:00,28/04/2023 02:29:00 AM,28,Friday,4,2023
1279,3rd,No,female,-1.2017677086999041,0.0,0.0,7.8542,S,2023-10-30 03:32:52,30-October-2023 03:32:52,30/10/2023 03:32:52 AM,30,Monday,10,2023
1280,3rd,No,male,-0.5816278576051094,0.0,0.0,7.8958,S,2023-09-24 15:06:07,24-September-2023 15:06:07,24/09/2023 03:06:07 PM,24,Sunday,9,2023
1281,3rd,No,male,-0.5816278576051094,0.0,0.0,9.0,S,2023-03-06 09:29:27,06-March-2023 09:29:27,06/03/2023 09:29:27 AM,6,Monday,3,2023
1282,3rd,No,male,-0.1165229692840133,0.0,0.0,8.05,S,2023-09-02 05:07:12,02-September-2023 05:07:12,02/09/2023 05:07:12 AM,2,Saturday,9,2023
1283,3rd,No,male,-0.1165229692840133,0.0,0.0,7.55,S,2023-10-30 16:45:39,30-October-2023 16:45:39,30/10/2023 04:45:39 PM,30,Monday,10,2023
1284,3rd,No,male,-0.1165229692840133,0.0,0.0,8.05,S,2023-04-02 05:29:36,02-April-2023 05:29:36,02/04/2023 05:29:36 AM,2,Sunday,4,2023
1285,3rd,No,male,0.23230569695680878,0.0,0.0,9.5,S,2023-07-31 17:22:37,31-July-2023 17:22:37,31/07/2023 05:22:37 PM,31,Monday,7,2023
1286,3rd,Yes,female,0.6586518445844802,0.0,0.0,7.2292,C,2023-03-13 14:34:37,13-March-2023 14:34:37,13/03/2023 02:34:37 PM,13,Monday,3,2023
1287,3rd,No,male,1.6663791026135217,0.0,0.0,7.75,S,2023-05-10 03:01:23,10-May-2023 03:01:23,10/05/2023 03:01:23 AM,10,Wednesday,5,2023
1288,3rd,No,male,-0.8916977831525068,0.125,0.0,6.4958,S,2023-01-26 13:13:35,26-January-2023 13:13:35,26/01/2023 01:13:35 PM,26,Thursday,1,2023
1289,3rd,No,male,-0.6591453389919587,0.125,0.0,6.4958,S,2023-08-05 20:49:34,05-August-2023 20:49:34,05/08/2023 08:49:34 PM,5,Saturday,8,2023
1290,3rd,Yes,female,1.3563091770661244,0.125,0.0,7.0,S,2023-08-15 05:46:00,15-August-2023 05:46:00,15/08/2023 05:46:00 AM,15,Tuesday,8,2023
1291,3rd,No,male,-0.1165229692840133,0.0,0.0,8.7125,S,2023-08-30 03:26:52,30-August-2023 03:26:52,30/08/2023 03:26:52 AM,30,Wednesday,8,2023
1292,3rd,No,male,-0.1165229692840133,0.0,0.0,7.55,S,2023-10-14 14:51:01,14-October-2023 14:51:01,14/10/2023 02:51:01 PM,14,Saturday,10,2023
1293,3rd,No,male,-0.1165229692840133,0.0,0.0,8.05,S,2023-01-09 14:26:46,09-January-2023 14:26:46,09/01/2023 02:26:46 PM,9,Monday,1,2023
1294,3rd,No,male,-0.07776422859058864,0.0,0.0,16.1,S,2023-05-01 17:43:32,01-May-2023 17:43:32,01/05/2023 05:43:32 PM,1,Monday,5,2023
1295,3rd,No,male,-0.6591453389919587,0.0,0.0,7.25,S,2023-03-24 16:02:45,24-March-2023 16:02:45,24/03/2023 04:02:45 PM,24,Friday,3,2023
1296,3rd,No,male,-0.19404045067086265,0.0,0.0,8.6625,S,2023-10-20 00:29:51,20-October-2023 00:29:51,20/10/2023 12:29:51 AM,20,Friday,10,2023
1297,3rd,No,male,-0.1165229692840133,0.0,0.0,7.25,S,2023-05-11 16:32:40,11-May-2023 16:32:40,11/05/2023 04:32:40 PM,11,Thursday,5,2023
1298,3rd,No,male,0.5036168818107815,0.0,0.0,9.5,S,2023-06-26 16:49:44,26-June-2023 16:49:44,26/06/2023 04:49:44 PM,26,Monday,6,2023
1299,3rd,No,male,-0.19404045067086265,0.125,0.0,14.4542,C,2023-11-22 17:33:14,22-November-2023 17:33:14,22/11/2023 05:33:14 PM,22,Wednesday,11,2023
1300,3rd,Yes,female,-1.1242502273130548,0.125,0.0,14.4542,C,2023-07-12 16:54:36,12-July-2023 16:54:36,12/07/2023 04:54:36 PM,12,Wednesday,7,2023
1301,3rd,No,male,1.2400329549858504,0.0,0.0,7.225,C,2023-10-31 09:03:33,31-October-2023 09:03:33,31/10/2023 09:03:33 AM,31,Tuesday,10,2023
1302,3rd,No,male,-0.1165229692840133,0.0,0.0,7.225,C,2023-02-08 08:12:23,08-February-2023 08:12:23,08/02/2023 08:12:23 AM,8,Wednesday,2,2023
1303,3rd,No,male,-0.1165229692840133,0.0,0.0,14.4583,C,2023-11-09 10:00:25,09-November-2023 10:00:25,09/11/2023 10:00:25 AM,9,Thursday,11,2023
1304,3rd,No,female,-1.1630089680064795,0.125,0.0,14.4542,C,2023-12-31 00:45:02,31-December-2023 00:45:02,31/12/2023 12:45:02 AM,31,Sunday,12,2023
1305,3rd,No,female,-0.1165229692840133,0.125,0.0,14.4542,C,2023-03-19 04:16:01,19-March-2023 04:16:01,19/03/2023 04:16:01 AM,19,Sunday,3,2023
1306,3rd,No,male,-0.23279919136428734,0.0,0.0,7.225,C,2023-09-10 13:50:21,10-September-2023 13:50:21,10/09/2023 01:50:21 PM,10,Sunday,9,2023
1307,3rd,No,male,-0.19404045067086265,0.0,0.0,7.225,C,2023-12-28 13:49:30,28-December-2023 13:49:30,28/12/2023 01:49:30 PM,28,Thursday,12,2023
1308,3rd,No,male,-0.03900548789716396,0.0,0.0,7.875,S,2023-12-02 23:49:09,02-December-2023 23:49:09,02/12/2023 11:49:09 PM,2,Saturday,12,2023
